begin_timestamp;end_timestamp;name;duration;session


1524757505931188350;1524757505956059383;DirectSession::Run;24871033;3
1524757505976159053;1524757506000455257;DirectSession::Run;24296204;5
1524757506003781623;1524757506018876206;DirectSession::Run;15094583;6
1524757505958680277;1524757505973408260;DirectSession::Run;14727983;4


1524757505939361044;1524757505941142455;gradients/MatMul_grad/MatMul;1781411;3
1524757505965157021;1524757505966917153;gradients/MatMul_grad/MatMul;1760132;4
1524757506011251279;1524757506012662936;gradients/MatMul_grad/MatMul;1411657;6
1524757505982650746;1524757505983948005;gradients/MatMul_grad/MatMul;1297259;5
1524757505934634828;1524757505935886328;MatMul;1251500;3
1524757505961304615;1524757505962556115;MatMul;1251500;4
1524757506007315669;1524757506008566529;MatMul;1250860;6
1524757505978759536;1524757505980003196;MatMul;1243660;5
1524757505943010425;1524757505943612495;gradients/Conv2D_1_grad/Conv2DBackpropFilter;602070;3
1524757506014559066;1524757506015159376;gradients/Conv2D_1_grad/Conv2DBackpropFilter;600310;6
1524757505968798082;1524757505969396953;gradients/Conv2D_1_grad/Conv2DBackpropFilter;598871;4
1524757505985835655;1524757505986434365;gradients/Conv2D_1_grad/Conv2DBackpropFilter;598710;5
1524757505933975959;1524757505934421872;Conv2D_1;445913;3
1524757506006656479;1524757506007102392;Conv2D_1;445913;6
1524757505960645906;1524757505961091498;Conv2D_1;445592;4
1524757505978100666;1524757505978545939;Conv2D_1;445273;5
1524757505936042966;1524757505936481519;MatMul_1;438553;3
1524757506008718686;1524757506009143479;MatMul_1;424793;6
1524757505980150393;1524757505980574386;MatMul_1;423993;5
1524757505962709552;1524757505963095626;MatMul_1;386074;4
1524757505983952005;1524757505984220001;gradients/MatMul_grad/MatMul_1;267996;5
1524757505966920833;1524757505967188348;gradients/MatMul_grad/MatMul_1;267515;4
1524757506015527530;1524757506015793286;gradients/MaxPool_grad/MaxPoolGrad;265756;6
1524757505943982089;1524757505944247685;gradients/MaxPool_grad/MaxPoolGrad;265596;3
1524757505969765107;1524757505970030703;gradients/MaxPool_grad/MaxPoolGrad;265596;4
1524757505986802519;1524757505987068115;gradients/MaxPool_grad/MaxPoolGrad;265596;5
1524757505941146455;1524757505941408051;gradients/MatMul_grad/MatMul_1;261596;3
1524757506012666936;1524757506012927252;gradients/MatMul_grad/MatMul_1;260316;6
1524757506013208527;1524757506013372845;Adam/update_Variable_2/ApplyAdam;164318;6
1524757505968412489;1524757505968574566;gradients/Conv2D_1_grad/Conv2DBackpropInput;162077;4
1524757505942625471;1524757505942787228;gradients/Conv2D_1_grad/Conv2DBackpropInput;161757;3
1524757505985449741;1524757505985611338;gradients/Conv2D_1_grad/Conv2DBackpropInput;161597;5
1524757506014172672;1524757506014332669;gradients/Conv2D_1_grad/Conv2DBackpropInput;159997;6
1524757506016025922;1524757506016178880;gradients/BiasAdd_grad/BiasAddGrad;152958;6
1524757505944479841;1524757505944631359;gradients/BiasAdd_grad/BiasAddGrad;151518;3
1524757505970263979;1524757505970414216;gradients/BiasAdd_grad/BiasAddGrad;150237;4
1524757505987301231;1524757505987451309;gradients/BiasAdd_grad/BiasAddGrad;150078;5
1524757505967470424;1524757505967612982;Adam/update_Variable_2/ApplyAdam;142558;4
1524757505941686286;1524757505941827884;Adam/update_Variable_2/ApplyAdam;141598;3
1524757505984505436;1524757505984646714;Adam/update_Variable_2/ApplyAdam;141278;5
1524757505982175074;1524757505982316031;gradients/MatMul_1_grad/MatMul;140957;5
1524757505938890651;1524757505939029849;gradients/MatMul_1_grad/MatMul;139198;3
1524757506016274718;1524757506016413436;gradients/Conv2D_grad/Conv2DBackpropInput;138718;6
1524757505964686309;1524757505964825026;gradients/MatMul_1_grad/MatMul;138717;4
1524757506010780407;1524757506010918004;gradients/MatMul_1_grad/MatMul;137597;6
1524757505970509255;1524757505970645573;gradients/Conv2D_grad/Conv2DBackpropInput;136318;4
1524757505987546987;1524757505987683305;gradients/Conv2D_grad/Conv2DBackpropInput;136318;5
1524757505944732157;1524757505944867675;gradients/Conv2D_grad/Conv2DBackpropInput;135518;3
1524757506013525962;1524757506013660520;gradients/MaxPool_1_grad/MaxPoolGrad;134558;6
1524757505967762899;1524757505967897297;gradients/MaxPool_1_grad/MaxPoolGrad;134398;4
1524757505984796791;1524757505984931189;gradients/MaxPool_1_grad/MaxPoolGrad;134398;5
1524757505941977001;1524757505942111239;gradients/MaxPool_1_grad/MaxPoolGrad;134238;3
1524757505933401568;1524757505933534046;Conv2D;132478;3
1524757506006093928;1524757506006225606;Conv2D;131678;6
1524757505960083515;1524757505960215032;Conv2D;131517;4
1524757505977544835;1524757505977674913;Conv2D;130078;5
1524757505984380798;1524757505984501596;Adam/update_Variable_2/ApplyAdam;120798;5
1524757506013086929;1524757506013204528;Adam/update_Variable_2/ApplyAdam;117599;6
1524757505967350586;1524757505967466424;Adam/update_Variable_2/ApplyAdam;115838;4
1524757505984261120;1524757505984376798;Adam/update_Variable_2/ApplyAdam;115678;5
1524757505941566928;1524757505941682286;Adam/update_Variable_2/ApplyAdam;115358;3
1524757505967231548;1524757505967346906;Adam/update_Variable_2/ApplyAdam;115358;4
1524757506012968691;1524757506013082929;Adam/update_Variable_2/ApplyAdam;114238;6
1524757505941449490;1524757505941562928;Adam/update_Variable_2/ApplyAdam;113438;3
1524757505987717704;1524757505987820583;gradients/Conv2D_grad/Conv2DBackpropInput;102879;5
1524757505970679972;1524757505970781731;gradients/Conv2D_grad/Conv2DBackpropInput;101759;4
1524757505944901914;1524757505945003513;gradients/Conv2D_grad/Conv2DBackpropInput;101599;3
1524757506006313125;1524757506006414403;BiasAdd;101278;6
1524757506016447835;1524757506016548954;gradients/Conv2D_grad/Conv2DBackpropInput;101119;6
1524757505970150701;1524757505970251659;gradients/Relu_grad/ReluGrad;100958;4
1524757505987188433;1524757505987289391;gradients/Relu_grad/ReluGrad;100958;5
1524757506015913284;1524757506016014242;gradients/Relu_grad/ReluGrad;100958;6
1524757505933628445;1524757505933728923;BiasAdd;100478;3
1524757505960302551;1524757505960403029;BiasAdd;100478;4
1524757505944367523;1524757505944467841;gradients/Relu_grad/ReluGrad;100318;3
1524757505977760512;1524757505977859390;BiasAdd;98878;5
1524757505960497588;1524757505960593586;MaxPool;95998;4
1524757505933826841;1524757505933922520;MaxPool;95679;3
1524757506006508962;1524757506006604480;MaxPool;95518;6
1524757505977953789;1524757505978048827;MaxPool;95038;5
1524757505982319871;1524757505982412670;gradients/MatMul_1_grad/MatMul_1;92799;5
1524757505964828866;1524757505964921345;gradients/MatMul_1_grad/MatMul_1;92479;4
1524757506010921844;1524757506011013843;gradients/MatMul_1_grad/MatMul_1;91999;6
1524757505939033849;1524757505939125687;gradients/MatMul_1_grad/MatMul_1;91838;3
1524757505933733083;1524757505933822842;Relu;89759;3
1524757505942228677;1524757505942316836;gradients/BiasAdd_1_grad/BiasAddGrad;88159;3
1524757505985049587;1524757505985137746;gradients/BiasAdd_1_grad/BiasAddGrad;88159;5
1524757505968015855;1524757505968103854;gradients/BiasAdd_1_grad/BiasAddGrad;87999;4
1524757506013777958;1524757506013865797;gradients/BiasAdd_1_grad/BiasAddGrad;87839;6
1524757505969673748;1524757505969761267;gradients/MaxPool_grad/MaxPoolGrad;87519;4
1524757505986711001;1524757505986798519;gradients/MaxPool_grad/MaxPoolGrad;87518;5
1524757505985208145;1524757505985295503;gradients/Conv2D_1_grad/Conv2DBackpropInput;87358;5
1524757506015436332;1524757506015523690;gradients/MaxPool_grad/MaxPoolGrad;87358;6
1524757505943890891;1524757505943978089;gradients/MaxPool_grad/MaxPoolGrad;87198;3
1524757505960407029;1524757505960493588;Relu;86559;4
1524757506006418403;1524757506006504962;Relu;86559;6
1524757505933537886;1524757505933624285;Conv2D;86399;3
1524757505977863390;1524757505977949789;Relu;86399;5
1524757506013935716;1524757506014022114;gradients/Conv2D_1_grad/Conv2DBackpropInput;86398;6
1524757505985333263;1524757505985419501;gradients/Conv2D_1_grad/Conv2DBackpropInput;86238;5
1524757505942387875;1524757505942473953;gradients/Conv2D_1_grad/Conv2DBackpropInput;86078;3
1524757505968174893;1524757505968260651;gradients/Conv2D_1_grad/Conv2DBackpropInput;85758;4
1524757505968297771;1524757505968383049;gradients/Conv2D_1_grad/Conv2DBackpropInput;85278;4
1524757505942510913;1524757505942595391;gradients/Conv2D_1_grad/Conv2DBackpropInput;84478;3
1524757506014058914;1524757506014143072;gradients/Conv2D_1_grad/Conv2DBackpropInput;84158;6
1524757505987832422;1524757505987915621;gradients/Conv2D_grad/Conv2DBackpropInput;83199;5
1524757505970794050;1524757505970877089;gradients/Conv2D_grad/Conv2DBackpropInput;83039;4
1524757505945015512;1524757505945098391;gradients/Conv2D_grad/Conv2DBackpropInput;82879;3
1524757506016561113;1524757506016643352;gradients/Conv2D_grad/Conv2DBackpropInput;82239;6
1524757505943616335;1524757505943698094;gradients/Conv2D_1_grad/Conv2DBackpropFilter;81759;3
1524757506015163216;1524757506015244335;gradients/Conv2D_1_grad/Conv2DBackpropFilter;81119;6
1524757505969400793;1524757505969481271;gradients/Conv2D_1_grad/Conv2DBackpropFilter;80478;4
1524757505986438205;1524757505986518204;gradients/Conv2D_1_grad/Conv2DBackpropFilter;79999;5
1524757506006229606;1524757506006309125;Conv2D;79519;6
1524757505960219192;1524757505960298551;Conv2D;79359;4
1524757505977678753;1524757505977756512;Conv2D;77759;5
1524757505945164950;1524757505945242389;gradients/Conv2D_grad/Conv2DBackpropFilter;77439;3
1524757506016193119;1524757506016270558;gradients/Conv2D_grad/Conv2DBackpropInput;77439;6
1524757505987465868;1524757505987543147;gradients/Conv2D_grad/Conv2DBackpropInput;77279;5
1524757505987981860;1524757505988059139;gradients/Conv2D_grad/Conv2DBackpropFilter;77279;5
1524757505944651198;1524757505944728317;gradients/Conv2D_grad/Conv2DBackpropInput;77119;3
1524757506015296654;1524757506015373773;gradients/MaxPool_grad/MaxPoolGrad;77119;6
1524757506016710071;1524757506016787190;gradients/Conv2D_grad/Conv2DBackpropFilter;77119;6
1524757505987071955;1524757505987149073;gradients/MaxPool_grad/MaxPoolGrad;77118;5
1524757505943751053;1524757505943828012;gradients/MaxPool_grad/MaxPoolGrad;76959;3
1524757505970428456;1524757505970505415;gradients/Conv2D_grad/Conv2DBackpropInput;76959;4
1524757505970943488;1524757505971020447;gradients/Conv2D_grad/Conv2DBackpropFilter;76959;4
1524757505986570523;1524757505986647482;gradients/MaxPool_grad/MaxPoolGrad;76959;5
1524757505944251525;1524757505944328483;gradients/MaxPool_grad/MaxPoolGrad;76958;3
1524757505970034543;1524757505970111501;gradients/MaxPool_grad/MaxPoolGrad;76958;4
1524757506015797126;1524757506015873925;gradients/MaxPool_grad/MaxPoolGrad;76799;6
1524757505969534071;1524757505969610869;gradients/MaxPool_grad/MaxPoolGrad;76798;4
1524757505988063299;1524757505988134818;gradients/Conv2D_grad/Conv2DBackpropFilter;71519;5
1524757505971024287;1524757505971095166;gradients/Conv2D_grad/Conv2DBackpropFilter;70879;4
1524757506016791030;1524757506016861589;gradients/Conv2D_grad/Conv2DBackpropFilter;70559;6
1524757505945246229;1524757505945316628;gradients/Conv2D_grad/Conv2DBackpropFilter;70399;3
1524757506014380349;1524757506014445788;gradients/Conv2D_1_grad/Conv2DBackpropInput;65439;6
1524757505968620805;1524757505968685604;gradients/Conv2D_1_grad/Conv2DBackpropInput;64799;4
1524757505985659178;1524757505985723336;gradients/Conv2D_1_grad/Conv2DBackpropInput;64158;5
1524757505942834428;1524757505942897947;gradients/Conv2D_1_grad/Conv2DBackpropInput;63519;3
1524757505937793549;1524757505937851308;SoftmaxCrossEntropyWithLogits;57759;3
1524757505963910481;1524757505963968240;SoftmaxCrossEntropyWithLogits;57759;4
1524757506010010339;1524757506010068098;SoftmaxCrossEntropyWithLogits;57759;6
1524757505965052543;1524757505965110142;gradients/dropout/div_grad/Sum_1;57599;4
1524757505981419566;1524757505981477165;SoftmaxCrossEntropyWithLogits;57599;5
1524757505982544508;1524757505982602107;gradients/dropout/div_grad/Sum_1;57599;5
1524757506011146001;1524757506011203600;gradients/dropout/div_grad/Sum_1;57599;6
1524757505939257845;1524757505939313524;gradients/dropout/div_grad/Sum_1;55679;3
1524757505936600877;1524757505936655596;SoftmaxCrossEntropyWithLogits;54719;3
1524757505963216264;1524757505963269703;SoftmaxCrossEntropyWithLogits;53439;4
1524757505967950576;1524757505968004015;gradients/Relu_1_grad/ReluGrad;53439;4
1524757506007157111;1524757506007210550;BiasAdd_1;53439;6
1524757505984984468;1524757505985037588;gradients/Relu_1_grad/ReluGrad;53120;5
1524757506009268757;1524757506009321716;SoftmaxCrossEntropyWithLogits;52959;6
1524757506013713319;1524757506013766278;gradients/Relu_1_grad/ReluGrad;52959;6
1524757505942164198;1524757505942216998;gradients/Relu_1_grad/ReluGrad;52800;3
1524757505980695184;1524757505980747984;SoftmaxCrossEntropyWithLogits;52800;5
1524757505961145898;1524757505961198697;BiasAdd_1;52799;4
1524757505934577869;1524757505934630509;MaxPool_1;52640;3
1524757505978600658;1524757505978653297;BiasAdd_1;52639;5
1524757505961248136;1524757505961300615;MaxPool_1;52479;4
1524757505978703057;1524757505978755536;MaxPool_1;52479;5
1524757506007259190;1524757506007311669;MaxPool_1;52479;6
1524757505934476431;1524757505934528430;BiasAdd_1;51999;3
1524757505936518478;1524757505936570317;SoftmaxCrossEntropyWithLogits;51839;3
1524757506013376685;1524757506013427724;gradients/MaxPool_1_grad/MaxPoolGrad;51039;6
1524757505963135625;1524757505963186345;SoftmaxCrossEntropyWithLogits;50720;4
1524757506009178999;1524757506009229718;SoftmaxCrossEntropyWithLogits;50719;6
1524757505980614386;1524757505980664945;SoftmaxCrossEntropyWithLogits;50559;5
1524757505984650554;1524757505984698873;gradients/MaxPool_1_grad/MaxPoolGrad;48319;5
1524757505941924682;1524757505941972841;gradients/MaxPool_1_grad/MaxPoolGrad;48159;3
1524757505967710740;1524757505967758899;gradients/MaxPool_1_grad/MaxPoolGrad;48159;4
1524757506013474283;1524757506013522122;gradients/MaxPool_1_grad/MaxPoolGrad;47839;6
1524757505967616821;1524757505967664501;gradients/MaxPool_1_grad/MaxPoolGrad;47680;4
1524757505984745432;1524757505984792951;gradients/MaxPool_1_grad/MaxPoolGrad;47519;5
1524757505988138498;1524757505988185857;gradients/Conv2D_grad/Conv2DBackpropFilter;47359;5
1524757506016865429;1524757506016912468;gradients/Conv2D_grad/Conv2DBackpropFilter;47039;6
1524757506007106232;1524757506007153111;Conv2D_1;46879;6
1524757505945320307;1524757505945367027;gradients/Conv2D_grad/Conv2DBackpropFilter;46720;3
1524757505978549939;1524757505978596658;Conv2D_1;46719;5
1524757505971099005;1524757505971145565;gradients/Conv2D_grad/Conv2DBackpropFilter;46560;4
1524757505961095338;1524757505961141738;Conv2D_1;46400;4
1524757505934425872;1524757505934472271;Conv2D_1;46399;3
1524757505941831884;1524757505941878283;gradients/MaxPool_1_grad/MaxPoolGrad;46399;3
1524757505967901297;1524757505967946736;gradients/MaxPool_1_grad/MaxPoolGrad;45439;4
1524757505984935189;1524757505984980628;gradients/MaxPool_1_grad/MaxPoolGrad;45439;5
1524757505942115079;1524757505942160358;gradients/MaxPool_1_grad/MaxPoolGrad;45279;3
1524757505942931386;1524757505942976665;gradients/Conv2D_1_grad/Conv2DBackpropFilter;45279;3
1524757505985757096;1524757505985802375;gradients/Conv2D_1_grad/Conv2DBackpropFilter;45279;5
1524757506013885957;1524757506013931236;gradients/Conv2D_1_grad/Conv2DBackpropInput;45279;6
1524757505942338436;1524757505942383555;gradients/Conv2D_1_grad/Conv2DBackpropInput;45119;3
1524757505968719204;1524757505968764323;gradients/Conv2D_1_grad/Conv2DBackpropFilter;45119;4
1524757505985158866;1524757505985203985;gradients/Conv2D_1_grad/Conv2DBackpropInput;45119;5
1524757506013664360;1524757506013709479;gradients/MaxPool_1_grad/MaxPoolGrad;45119;6
1524757506014480027;1524757506014525146;gradients/Conv2D_1_grad/Conv2DBackpropFilter;45119;6
1524757505968126093;1524757505968171053;gradients/Conv2D_1_grad/Conv2DBackpropInput;44960;4
1524757505978657297;1524757505978699217;Relu_1;41920;5
1524757505961202697;1524757505961244296;Relu_1;41599;4
1524757505934532590;1524757505934573869;Relu_1;41279;3
1524757506007214550;1524757506007255190;Relu_1;40640;6
1524757506014336349;1524757506014376509;gradients/Conv2D_1_grad/Conv2DBackpropInput;40160;6
1524757505985615338;1524757505985655338;gradients/Conv2D_1_grad/Conv2DBackpropInput;40000;5
1524757505942791068;1524757505942830588;gradients/Conv2D_1_grad/Conv2DBackpropInput;39520;3
1524757505968578406;1524757505968617125;gradients/Conv2D_1_grad/Conv2DBackpropInput;38719;4
1524757505982081155;1524757505982114755;gradients/SoftmaxCrossEntropyWithLogits_grad/mul;33600;5
1524757505964593350;1524757505964626630;gradients/SoftmaxCrossEntropyWithLogits_grad/mul;33280;4
1524757506010671608;1524757506010704728;gradients/SoftmaxCrossEntropyWithLogits_grad/mul;33120;6
1524757505938792093;1524757505938825052;gradients/SoftmaxCrossEntropyWithLogits_grad/mul;32959;3
1524757505945113431;1524757505945144310;gradients/Conv2D_grad/Conv2DBackpropInput;30879;3
1524757505987930021;1524757505987960900;gradients/Conv2D_grad/Conv2DBackpropInput;30879;5
1524757506016658392;1524757506016688951;gradients/Conv2D_grad/Conv2DBackpropInput;30559;6
1524757505970891969;1524757505970922368;gradients/Conv2D_grad/Conv2DBackpropInput;30399;4
1524757505985299343;1524757505985329263;gradients/Conv2D_1_grad/Conv2DBackpropInput;29920;5
1524757505968264651;1524757505968294091;gradients/Conv2D_1_grad/Conv2DBackpropInput;29440;4
1524757505942477793;1524757505942507073;gradients/Conv2D_1_grad/Conv2DBackpropInput;29280;3
1524757506014025954;1524757506014055074;gradients/Conv2D_1_grad/Conv2DBackpropInput;29120;6
1524757506016417116;1524757506016443995;gradients/Conv2D_grad/Conv2DBackpropInput;26879;6
1524757505944871355;1524757505944898074;gradients/Conv2D_grad/Conv2DBackpropInput;26719;3
1524757505970649413;1524757505970676132;gradients/Conv2D_grad/Conv2DBackpropInput;26719;4
1524757505987687145;1524757505987713864;gradients/Conv2D_grad/Conv2DBackpropInput;26719;5
1524757505960597426;1524757505960623986;Conv2D_1;26560;4
1524757506006608320;1524757506006634880;Conv2D_1;26560;6
1524757505978052827;1524757505978079227;Conv2D_1;26400;5
1524757506014449627;1524757506014476027;gradients/Conv2D_1_grad/Conv2DBackpropInput;26400;6
1524757505933926520;1524757505933952759;Conv2D_1;26239;3
1524757505986680921;1524757505986707001;gradients/MaxPool_grad/MaxPoolGrad;26080;5
1524757505942901786;1524757505942927706;gradients/Conv2D_1_grad/Conv2DBackpropInput;25920;3
1524757505985727336;1524757505985753256;gradients/Conv2D_1_grad/Conv2DBackpropInput;25920;5
1524757506014528986;1524757506014554906;gradients/Conv2D_1_grad/Conv2DBackpropFilter;25920;6
1524757505943831851;1524757505943857611;gradients/MaxPool_grad/MaxPoolGrad;25760;3
1524757505968689444;1524757505968715204;gradients/Conv2D_1_grad/Conv2DBackpropInput;25760;4
1524757505969614709;1524757505969640469;gradients/MaxPool_grad/MaxPoolGrad;25760;4
1524757505942980825;1524757505943006425;gradients/Conv2D_1_grad/Conv2DBackpropFilter;25600;3
1524757505943861451;1524757505943887051;gradients/MaxPool_grad/MaxPoolGrad;25600;3
1524757505968768323;1524757505968793923;gradients/Conv2D_1_grad/Conv2DBackpropFilter;25600;4
1524757505985806055;1524757505985831655;gradients/Conv2D_1_grad/Conv2DBackpropFilter;25600;5
1524757505986651642;1524757505986677241;gradients/MaxPool_grad/MaxPoolGrad;25599;5
1524757506015377613;1524757506015403212;gradients/MaxPool_grad/MaxPoolGrad;25599;6
1524757506015407052;1524757506015432492;gradients/MaxPool_grad/MaxPoolGrad;25440;6
1524757505969644309;1524757505969669748;gradients/MaxPool_grad/MaxPoolGrad;25439;4
1524757505985423341;1524757505985445901;gradients/Conv2D_1_grad/Conv2DBackpropInput;22560;5
1524757505942599391;1524757505942621471;gradients/Conv2D_1_grad/Conv2DBackpropInput;22080;3
1524757505964947904;1524757505964969824;Adam/update_Variable_7/ApplyAdam;21920;4
1524757505939152247;1524757505939174007;Adam/update_Variable_7/ApplyAdam;21760;3
1524757505968386889;1524757505968408649;gradients/Conv2D_1_grad/Conv2DBackpropInput;21760;4
1524757505982438909;1524757505982460669;Adam/update_Variable_7/ApplyAdam;21760;5
1524757506011040882;1524757506011062642;Adam/update_Variable_7/ApplyAdam;21760;6
1524757506014147072;1524757506014168832;gradients/Conv2D_1_grad/Conv2DBackpropInput;21760;6
1524757505982626266;1524757505982646906;gradients/Add_grad/Sum_1;20640;5
1524757505935945527;1524757505935965367;dropout/random_uniform/RandomUniform;19840;3
1524757505962609554;1524757505962629394;dropout/random_uniform/RandomUniform;19840;4
1524757506008621568;1524757506008641407;dropout/random_uniform/RandomUniform;19839;6
1524757505980055835;1524757505980075194;dropout/random_uniform/RandomUniform;19359;5
1524757505939338004;1524757505939357044;gradients/Add_grad/Sum_1;19040;3
1524757506011228239;1524757506011247279;gradients/Add_grad/Sum_1;19040;6
1524757505965134141;1524757505965153021;gradients/Add_grad/Sum_1;18880;4
1524757505964633510;1524757505964652389;gradients/Add_1_grad/Sum_1;18879;4
1524757505938835452;1524757505938854172;gradients/Add_1_grad/Sum_1;18720;3
1524757505982122275;1524757505982140834;gradients/Add_1_grad/Sum_1;18559;5
1524757506010715768;1524757506010733687;gradients/Add_1_grad/Sum_1;17919;6
1524757506013431404;1524757506013449004;gradients/MaxPool_1_grad/MaxPoolGrad;17600;6
1524757505941882123;1524757505941899563;gradients/MaxPool_1_grad/MaxPoolGrad;17440;3
1524757505967668341;1524757505967685780;gradients/MaxPool_1_grad/MaxPoolGrad;17439;4
1524757505967689620;1524757505967706900;gradients/MaxPool_1_grad/MaxPoolGrad;17280;4
1524757505984702713;1524757505984719993;gradients/MaxPool_1_grad/MaxPoolGrad;17280;5
1524757505984723993;1524757505984741272;gradients/MaxPool_1_grad/MaxPoolGrad;17279;5
1524757506013452844;1524757506013470123;gradients/MaxPool_1_grad/MaxPoolGrad;17279;6
1524757505980578386;1524757505980595506;Add_1;17120;5
1524757505941903243;1524757505941920362;gradients/MaxPool_1_grad/MaxPoolGrad;17119;3
1524757505963116426;1524757505963131786;SoftmaxCrossEntropyWithLogits;15360;4
1524757505967212508;1524757505967227868;Adam/update_Variable_6/ApplyAdam;15360;4
1524757505933957079;1524757505933971959;Conv2D_1;14880;3
1524757505941430770;1524757505941445650;Adam/update_Variable_6/ApplyAdam;14880;3
1524757505988218336;1524757505988232896;Adam/update_Variable_4/ApplyAdam;14560;5
1524757505968107694;1524757505968122253;gradients/Conv2D_1_grad/Conv2DBackpropInput;14559;4
1524757505965012543;1524757505965026783;Adam/update_Variable_3/ApplyAdam;14240;4
1524757505982503548;1524757505982517788;Adam/update_Variable_3/ApplyAdam;14240;5
1524757506008570688;1524757506008584928;Add;14240;6
1524757505935916888;1524757505935930968;dropout/div;14080;3
1524757506011105361;1524757506011119441;Adam/update_Variable_3/ApplyAdam;14080;6
1524757505939218486;1524757505939232406;Adam/update_Variable_3/ApplyAdam;13920;3
1524757505942320676;1524757505942334596;gradients/Conv2D_1_grad/Conv2DBackpropInput;13920;3
1524757506016972947;1524757506016986867;Adam/update_Variable/ApplyAdam;13920;6
1524757506012951412;1524757506012965171;Adam/update_Variable_6/ApplyAdam;13759;6
1524757505960628146;1524757505960641746;Conv2D_1;13600;4
1524757505984243840;1524757505984257440;Adam/update_Variable_6/ApplyAdam;13600;5
1524757505985141586;1524757505985155026;gradients/Conv2D_1_grad/Conv2DBackpropInput;13440;5
1524757506016692791;1524757506016706231;gradients/Conv2D_grad/Conv2DBackpropInput;13440;6
1524757506006638880;1524757506006652319;Conv2D_1;13439;6
1524757505936485839;1524757505936499118;Add_1;13279;3
1524757505978083227;1524757505978096506;Conv2D_1;13279;5
1524757505970926528;1524757505970939648;gradients/Conv2D_grad/Conv2DBackpropInput;13120;4
1524757505987964900;1524757505987978020;gradients/Conv2D_grad/Conv2DBackpropInput;13120;5
1524757505945148150;1524757505945161110;gradients/Conv2D_grad/Conv2DBackpropInput;12960;3
1524757505962560275;1524757505962573235;Add;12960;4
1524757505935890328;1524757505935903128;Add;12800;3
1524757505963099626;1524757505963112426;Add_1;12800;4
1524757505969485271;1524757505969498071;gradients/Conv2D_1_grad/Conv2DBackpropFilter;12800;4
1524757505943701934;1524757505943714733;gradients/Conv2D_1_grad/Conv2DBackpropFilter;12799;3
1524757506009147479;1524757506009160119;Add_1;12640;6
1524757506009937601;1524757506009950241;SoftmaxCrossEntropyWithLogits;12640;6
1524757505980007196;1524757505980019835;Add;12639;5
1524757506013869637;1524757506013882117;gradients/Conv2D_1_grad/Conv2DBackpropInput;12480;6
1524757506015248175;1524757506015260654;gradients/Conv2D_1_grad/Conv2DBackpropFilter;12479;6
1524757505986522204;1524757505986534523;gradients/Conv2D_1_grad/Conv2DBackpropFilter;12319;5
1524757505944351843;1524757505944363683;Adam/update_Variable_1/ApplyAdam;11840;3
1524757505970135021;1524757505970146861;Adam/update_Variable_1/ApplyAdam;11840;4
1524757506009253077;1524757506009264917;SoftmaxCrossEntropyWithLogits;11840;6
1524757505944635199;1524757505944647038;gradients/Conv2D_grad/Conv2DBackpropInput;11839;3
1524757505936574317;1524757505936585997;SoftmaxCrossEntropyWithLogits;11680;3
1524757505987172753;1524757505987184433;Adam/update_Variable_1/ApplyAdam;11680;5
1524757506015897764;1524757506015909444;Adam/update_Variable_1/ApplyAdam;11680;6
1524757505980668785;1524757505980680305;SoftmaxCrossEntropyWithLogits;11520;5
1524757505936503118;1524757505936514478;SoftmaxCrossEntropyWithLogits;11360;3
1524757505980599186;1524757505980610546;SoftmaxCrossEntropyWithLogits;11360;5
1524757506009237718;1524757506009249078;SoftmaxCrossEntropyWithLogits;11360;6
1524757505963190185;1524757505963201544;SoftmaxCrossEntropyWithLogits;11359;4
1524757505963837717;1524757505963848917;SoftmaxCrossEntropyWithLogits;11200;4
1524757505937664889;1524757505937675929;SoftmaxCrossEntropyWithLogits;11040;3
1524757505981327028;1524757505981338068;SoftmaxCrossEntropyWithLogits;11040;5
1524757505943736333;1524757505943747213;Adam/update_Variable_5/ApplyAdam;10880;3
1524757505969519511;1524757505969530391;Adam/update_Variable_5/ApplyAdam;10880;4
1524757505986555803;1524757505986566683;Adam/update_Variable_5/ApplyAdam;10880;5
1524757506009164119;1524757506009174999;SoftmaxCrossEntropyWithLogits;10880;6
1524757506015282094;1524757506015292974;Adam/update_Variable_5/ApplyAdam;10880;6
1524757505933327650;1524757505933338049;Conv2D;10399;3
1524757505960039355;1524757505960049595;Conv2D;10240;4
1524757505977506276;1524757505977516356;Conv2D;10080;5
1524757506006025289;1524757506006035369;Conv2D;10080;6
1524757506010084098;1524757506010093858;gradients/Mean_grad/Tile;9760;6
1524757505937896747;1524757505937906347;gradients/Mean_grad/Tile;9600;3
1524757505981491725;1524757505981501325;gradients/Mean_grad/Tile;9600;5
1524757505964010640;1524757505964020239;gradients/Mean_grad/Tile;9599;4
1524757505945399986;1524757505945409106;Adam/update_Variable_4/ApplyAdam;9120;3
1524757505945370867;1524757505945379827;gradients/Conv2D_grad/Conv2DBackpropFilter;8960;3
1524757506016916308;1524757506016925268;gradients/Conv2D_grad/Conv2DBackpropFilter;8960;6
1524757505971178364;1524757505971187164;Adam/update_Variable_4/ApplyAdam;8800;4
1524757506016945587;1524757506016954387;Adam/update_Variable_4/ApplyAdam;8800;6
1524757505971149565;1524757505971158364;gradients/Conv2D_grad/Conv2DBackpropFilter;8799;4
1524757505988189697;1524757505988198337;gradients/Conv2D_grad/Conv2DBackpropFilter;8640;5
1524757505980033115;1524757505980041595;dropout/div;8480;5
1524757505962697073;1524757505962705552;dropout/mul;8479;4
1524757505962586834;1524757505962595154;dropout/div;8320;4
1524757506008598528;1524757506008606848;dropout/div;8320;6
1524757505971206684;1524757505971214844;Adam/update_Variable/ApplyAdam;8160;4
1524757506008706526;1524757506008714686;dropout/mul;8160;6
1524757505945428466;1524757505945436466;Adam/update_Variable/ApplyAdam;8000;3
1524757505982605947;1524757505982613947;gradients/Relu_2_grad/ReluGrad;8000;5
1524757505936030966;1524757505936038806;dropout/mul;7840;3
1524757505939317524;1524757505939325364;gradients/Relu_2_grad/ReluGrad;7840;3
1524757505965113982;1524757505965121822;gradients/Relu_2_grad/ReluGrad;7840;4
1524757505988251936;1524757505988259776;Adam/update_Variable/ApplyAdam;7840;5
1524757505980138873;1524757505980146553;dropout/mul;7680;5
1524757505982521948;1524757505982529628;gradients/dropout/div_grad/RealDiv;7680;5
1524757506011207440;1524757506011215120;gradients/Relu_2_grad/ReluGrad;7680;6
1524757505965030623;1524757505965038143;gradients/dropout/div_grad/RealDiv;7520;4
1524757506011123281;1524757506011130801;gradients/dropout/div_grad/RealDiv;7520;6
1524757506011029203;1524757506011036722;Adam/update_Variable_7/ApplyAdam;7519;6
1524757505962643793;1524757505962651153;dropout/random_uniform/mul;7360;4
1524757505964925345;1524757505964932705;Adam/update_Variable_7/ApplyAdam;7360;4
1524757505964936705;1524757505964944065;Adam/update_Variable_7/ApplyAdam;7360;4
1524757506011017843;1524757506011025203;Adam/update_Variable_7/ApplyAdam;7360;6
1524757506011134801;1524757506011142161;gradients/dropout/div_grad/mul;7360;6
1524757506016647192;1524757506016654552;gradients/Conv2D_grad/Conv2DBackpropInput;7360;6
1524757505939236406;1524757505939243765;gradients/dropout/div_grad/RealDiv;7359;3
1524757505982427710;1524757505982435069;Adam/update_Variable_7/ApplyAdam;7359;5
1524757505939129687;1524757505939136887;Adam/update_Variable_7/ApplyAdam;7200;3
1524757505939140887;1524757505939148087;Adam/update_Variable_7/ApplyAdam;7200;3
1524757505939188246;1524757505939195446;gradients/dropout/mul_grad/mul_1;7200;3
1524757505945102391;1524757505945109591;gradients/Conv2D_grad/Conv2DBackpropInput;7200;3
1524757505970880929;1524757505970887969;gradients/Conv2D_grad/Conv2DBackpropInput;7040;4
1524757505980684145;1524757505980691185;SoftmaxCrossEntropyWithLogits;7040;5
1524757505982416670;1524757505982423710;Adam/update_Variable_7/ApplyAdam;7040;5
1524757505982533308;1524757505982540348;gradients/dropout/div_grad/mul;7040;5
1524757506015877924;1524757506015884964;Adam/update_Variable_1/ApplyAdam;7040;6
1524757505936589997;1524757505936596877;SoftmaxCrossEntropyWithLogits;6880;3
1524757505962665073;1524757505962671953;dropout/random_uniform;6880;4
1524757505963205544;1524757505963212424;SoftmaxCrossEntropyWithLogits;6880;4
1524757505987153073;1524757505987159953;Adam/update_Variable_1/ApplyAdam;6880;5
1524757505987455149;1524757505987462028;gradients/Conv2D_grad/Conv2DBackpropInput;6879;5
1524757505965041983;1524757505965048703;gradients/dropout/div_grad/mul;6720;4
1524757505970115341;1524757505970122061;Adam/update_Variable_1/ApplyAdam;6720;4
1524757505970418056;1524757505970424776;gradients/Conv2D_grad/Conv2DBackpropInput;6720;4
1524757505987919461;1524757505987926181;gradients/Conv2D_grad/Conv2DBackpropInput;6720;5
1524757506008610848;1524757506008617568;gradients/dropout/div_grad/Neg;6720;6
1524757506016182720;1524757506016189439;gradients/Conv2D_grad/Conv2DBackpropInput;6719;6
1524757505935934967;1524757505935941527;gradients/dropout/div_grad/Neg;6560;3
1524757505936020406;1524757505936026966;dropout/Floor;6560;3
1524757505939247445;1524757505939254005;gradients/dropout/div_grad/mul;6560;3
1524757505962686353;1524757505962692913;dropout/Floor;6560;4
1524757505964983424;1524757505964989984;gradients/dropout/mul_grad/mul_1;6560;4
1524757505980045435;1524757505980051995;gradients/dropout/div_grad/Neg;6560;5
1524757505980128314;1524757505980134874;dropout/Floor;6560;5
1524757505982474109;1524757505982480669;gradients/dropout/mul_grad/mul_1;6560;5
1524757506008655327;1524757506008661887;dropout/random_uniform/mul;6560;6
1524757506008695966;1524757506008702526;dropout/Floor;6560;6
1524757505944332323;1524757505944338723;Adam/update_Variable_1/ApplyAdam;6400;3
1524757505962599154;1524757505962605554;gradients/dropout/div_grad/Neg;6400;4
1524757505962675953;1524757505962682353;dropout/add;6400;4
1524757505984223681;1524757505984230081;Adam/update_Variable_6/ApplyAdam;6400;5
1524757506011066482;1524757506011072882;gradients/dropout/mul_grad/mul;6400;6
1524757506012931092;1524757506012937492;Adam/update_Variable_6/ApplyAdam;6400;6
1524757505939178167;1524757505939184566;gradients/dropout/mul_grad/mul;6399;3
1524757505941412211;1524757505941418610;Adam/update_Variable_6/ApplyAdam;6399;3
1524757505962633394;1524757505962639793;gradients/dropout/div_grad/RealDiv_1;6399;4
1524757505935979447;1524757505935985687;dropout/random_uniform/mul;6240;3
1524757505935999446;1524757505936005686;dropout/random_uniform;6240;3
1524757505967192348;1524757505967198588;Adam/update_Variable_6/ApplyAdam;6240;4
1524757505980108314;1524757505980114554;dropout/random_uniform;6240;5
1524757506008675807;1524757506008682047;dropout/random_uniform;6240;6
1524757506011076562;1524757506011082802;gradients/dropout/mul_grad/mul_1;6240;6
1524757506012941332;1524757506012947572;Adam/update_Variable_6/ApplyAdam;6240;6
1524757505935969367;1524757505935975447;gradients/dropout/div_grad/RealDiv_1;6080;3
1524757505936009846;1524757505936015926;dropout/add;6080;3
1524757505962654993;1524757505962661073;gradients/dropout/div_grad/RealDiv_2;6080;4
1524757505967202588;1524757505967208668;Adam/update_Variable_6/ApplyAdam;6080;4
1524757505980118394;1524757505980124474;dropout/add;6080;5
1524757505984233920;1524757505984240000;Adam/update_Variable_6/ApplyAdam;6080;5
1524757506008665727;1524757506008671807;gradients/dropout/div_grad/RealDiv_2;6080;6
1524757505964973824;1524757505964979744;gradients/dropout/mul_grad/mul;5920;4
1524757505980098554;1524757505980104474;gradients/dropout/div_grad/RealDiv_2;5920;5
1524757505982464509;1524757505982470429;gradients/dropout/mul_grad/mul;5920;5
1524757506008645407;1524757506008651327;gradients/dropout/div_grad/RealDiv_1;5920;6
1524757506015264494;1524757506015270414;Adam/update_Variable_5/ApplyAdam;5920;6
1524757505935989527;1524757505935995446;gradients/dropout/div_grad/RealDiv_2;5919;3
1524757505982493789;1524757505982499708;Adam/update_Variable_3/ApplyAdam;5919;5
1524757506008686047;1524757506008691966;dropout/add;5919;6
1524757505935907128;1524757505935912888;Relu_2;5760;3
1524757505939199286;1524757505939205046;Adam/update_Variable_3/ApplyAdam;5760;3
1524757505939208726;1524757505939214486;Adam/update_Variable_3/ApplyAdam;5760;3
1524757505943718733;1524757505943724493;Adam/update_Variable_5/ApplyAdam;5760;3
1524757505945449105;1524757505945454865;Adam/mul_1;5760;3
1524757505962577234;1524757505962582994;Relu_2;5760;4
1524757505969502071;1524757505969507831;Adam/update_Variable_5/ApplyAdam;5760;4
1524757505971227643;1524757505971233403;Adam/mul_1;5760;4
1524757505980079194;1524757505980084954;gradients/dropout/div_grad/RealDiv_1;5760;5
1524757505980089114;1524757505980094874;dropout/random_uniform/mul;5760;5
1524757505986538523;1524757505986544283;Adam/update_Variable_5/ApplyAdam;5760;5
1524757505988272735;1524757505988278495;Adam/mul_1;5760;5
1524757506016999506;1524757506017005266;Adam/mul_1;5760;6
1524757505965002944;1524757505965008703;Adam/update_Variable_3/ApplyAdam;5759;4
1524757505980023675;1524757505980029275;Relu_2;5600;5
1524757506008588928;1524757506008594528;Relu_2;5600;6
1524757506011095761;1524757506011101361;Adam/update_Variable_3/ApplyAdam;5600;6
1524757505944342563;1524757505944348003;Adam/update_Variable_1/ApplyAdam;5440;3
1524757505964532711;1524757505964538151;gradients/Mean_grad/Cast;5440;4
1524757505964993824;1524757505964999264;Adam/update_Variable_3/ApplyAdam;5440;4
1524757505971218684;1524757505971224123;Adam/mul;5439;4
1524757505970126061;1524757505970131341;Adam/update_Variable_1/ApplyAdam;5280;4
1524757505982484829;1524757505982490109;Adam/update_Variable_3/ApplyAdam;5280;5
1524757506011086802;1524757506011092082;Adam/update_Variable_3/ApplyAdam;5280;6
1524757505987163793;1524757505987168913;Adam/update_Variable_1/ApplyAdam;5120;5
1524757506005784493;1524757506005789613;gradients/Mean_grad/Prod_1;5120;6
1524757506010599449;1524757506010604569;gradients/Mean_grad/Cast;5120;6
1524757505945440306;1524757505945445425;Adam/mul;5119;3
1524757505988263776;1524757505988268895;Adam/mul;5119;5
1524757506016990707;1524757506016995826;Adam/mul;5119;6
1524757505938705214;1524757505938710174;gradients/Mean_grad/Cast;4960;3
1524757505959854398;1524757505959859358;gradients/Mean_grad/Prod_1;4960;4
1524757505982013796;1524757505982018756;gradients/Mean_grad/Cast;4960;5
1524757506015888964;1524757506015893764;Adam/update_Variable_1/ApplyAdam;4800;6
1524757505932887657;1524757505932892297;gradients/Mean_grad/Prod_1;4640;3
1524757505939329364;1524757505939334004;gradients/Add_grad/Sum_1;4640;3
1524757505945391506;1524757505945396146;Adam/update_Variable_4/ApplyAdam;4640;3
1524757505977341639;1524757505977346279;gradients/Mean_grad/Prod_1;4640;5
1524757505988209856;1524757505988214496;Adam/update_Variable_4/ApplyAdam;4640;5
1524757506011219119;1524757506011223759;gradients/Add_grad/Sum_1;4640;6
1524757505941422450;1524757505941426930;Adam/update_Variable_6/ApplyAdam;4480;3
1524757505945412786;1524757505945417266;Adam/update_Variable/ApplyAdam;4480;3
1524757505965125822;1524757505965130302;gradients/Add_grad/Sum_1;4480;4
1524757505971170044;1524757505971174524;Adam/update_Variable_4/ApplyAdam;4480;4
1524757505971190844;1524757505971195324;Adam/update_Variable/ApplyAdam;4480;4
1524757505982036996;1524757505982041476;gradients/Mean_grad/truediv;4480;5
1524757506016937267;1524757506016941747;Adam/update_Variable_4/ApplyAdam;4480;6
1524757505982617947;1524757505982622426;gradients/Add_grad/Sum_1;4479;5
1524757506016929108;1524757506016933587;Adam/update_Variable_4/ApplyAdam;4479;6
1524757505938748093;1524757505938752413;gradients/Mean_grad/truediv;4320;3
1524757505964556711;1524757505964561031;gradients/Mean_grad/truediv;4320;4
1524757505970785410;1524757505970789730;gradients/Conv2D_grad/Conv2DBackpropInput;4320;4
1524757506010630809;1524757506010635129;gradients/Mean_grad/truediv;4320;6
1524757506016552954;1524757506016557273;gradients/Conv2D_grad/Conv2DBackpropInput;4319;6
1524757505944471841;1524757505944476001;ihipMemsetKernel<unsigned int>;4160;3
1524757505970255819;1524757505970259979;ihipMemsetKernel<unsigned int>;4160;4
1524757505985041587;1524757505985045747;ihipMemsetKernel<unsigned int>;4160;5
1524757505987824423;1524757505987828583;gradients/Conv2D_grad/Conv2DBackpropInput;4160;5
1524757505988244256;1524757505988248416;Adam/update_Variable/ApplyAdam;4160;5
1524757505945007513;1524757505945011672;gradients/Conv2D_grad/Conv2DBackpropInput;4159;3
1524757505942220837;1524757505942224837;ihipMemsetKernel<unsigned int>;4000;3
1524757505945383666;1524757505945387666;Adam/update_Variable_4/ApplyAdam;4000;3
1524757505968008015;1524757505968012015;ihipMemsetKernel<unsigned int>;4000;4
1524757505969511671;1524757505969515671;Adam/update_Variable_5/ApplyAdam;4000;4
1524757505987293231;1524757505987297231;ihipMemsetKernel<unsigned int>;4000;5
1524757505988236576;1524757505988240576;Adam/update_Variable/ApplyAdam;4000;5
1524757506013770118;1524757506013774118;ihipMemsetKernel<unsigned int>;4000;6
1524757506015274254;1524757506015278254;Adam/update_Variable_5/ApplyAdam;4000;6
1524757506016018082;1524757506016022082;ihipMemsetKernel<unsigned int>;4000;6
1524757506016957907;1524757506016961907;Adam/update_Variable/ApplyAdam;4000;6
1524757505988202177;1524757505988206176;Adam/update_Variable_4/ApplyAdam;3999;5
1524757505943728493;1524757505943732333;Adam/update_Variable_5/ApplyAdam;3840;3
1524757505945421106;1524757505945424946;Adam/update_Variable/ApplyAdam;3840;3
1524757506016965587;1524757506016969427;Adam/update_Variable/ApplyAdam;3840;6
1524757505971162364;1524757505971166044;Adam/update_Variable_4/ApplyAdam;3680;4
1524757505971199324;1524757505971203004;Adam/update_Variable/ApplyAdam;3680;4
1524757505986548283;1524757505986551963;Adam/update_Variable_5/ApplyAdam;3680;5


1524757505934565480;1524757505937795750;SoftmaxCrossEntropyWithLogits;3230270;3
1524757505978248207;1524757505981418268;SoftmaxCrossEntropyWithLogits;3170061;5
1524757505960834615;1524757505963909121;SoftmaxCrossEntropyWithLogits;3074506;4
1524757506007332224;1524757506010008844;SoftmaxCrossEntropyWithLogits;2676620;6
1524757505931801159;1524757505932282774;_recv_Placeholder_0/_8;481615;3
1524757506004735294;1524757506005135499;_recv_Placeholder_0/_8;400205;6
1524757505976703081;1524757505977002580;_recv_Placeholder_0/_8;299499;5
1524757505932555125;1524757505932843505;_recv_Placeholder_2_0/_4;288380;3
1524757505959259299;1524757505959535339;_recv_Placeholder_0/_8;276040;4
1524757506005182428;1524757506005445508;_recv_Placeholder_1_0/_6;263080;6
1524757505982971810;1524757505983213898;gradients/Conv2D_1_grad/Conv2DBackpropInput;242088;5
1524757506005491026;1524757506005731726;_recv_Placeholder_2_0/_4;240700;6
1524757505932302173;1524757505932536989;_recv_Placeholder_1_0/_6;234816;3
1524757505966243999;1524757505966473845;gradients/Conv2D_grad/Conv2DBackpropInput;229846;4
1524757505965435057;1524757505965649861;gradients/Conv2D_1_grad/Conv2DBackpropInput;214804;4
1524757505965897326;1524757505966089850;gradients/MaxPool_grad/MaxPoolGrad;192524;4
1524757506011660088;1524757506011852182;gradients/Conv2D_1_grad/Conv2DBackpropInput;192094;6
1524757505939703904;1524757505939894211;gradients/Conv2D_1_grad/Conv2DBackpropInput;190307;3
1524757506012357187;1524757506012545306;gradients/Conv2D_grad/Conv2DBackpropInput;188119;6
1524757505940403345;1524757505940586846;gradients/Conv2D_grad/Conv2DBackpropInput;183501;3
1524757505933603433;1524757505933776694;Conv2D_1;173261;3
1524757505982730261;1524757505982891903;gradients/MaxPool_1_grad/MaxPoolGrad;161642;5
1524757506011404441;1524757506011564484;gradients/MaxPool_1_grad/MaxPoolGrad;160043;6
1524757505983632702;1524757505983790583;gradients/Conv2D_grad/Conv2DBackpropInput;157881;5
1524757505939455649;1524757505939612378;gradients/MaxPool_1_grad/MaxPoolGrad;156729;3
1524757505965662893;1524757505965814996;gradients/Conv2D_1_grad/Conv2DBackpropFilter;152103;4
1524757505940110723;1524757505940256703;gradients/MaxPool_grad/MaxPoolGrad;145980;3
1524757506012074641;1524757506012220440;gradients/MaxPool_grad/MaxPoolGrad;145799;6
1524757505940599017;1524757505940742078;gradients/Conv2D_grad/Conv2DBackpropFilter;143061;3
1524757505966486833;1524757505966625917;gradients/Conv2D_grad/Conv2DBackpropFilter;139084;4
1524757506006275244;1524757506006414309;Conv2D_1;139065;6
1524757505977021232;1524757505977159773;_recv_Placeholder_1_0/_6;138541;5
1524757506011863693;1524757506012000961;gradients/Conv2D_1_grad/Conv2DBackpropFilter;137268;6
1524757505965215569;1524757505965352694;gradients/MaxPool_1_grad/MaxPoolGrad;137125;4
1524757505939905437;1524757505940037377;gradients/Conv2D_1_grad/Conv2DBackpropFilter;131940;3
1524757506005985596;1524757506006116752;Conv2D;131156;6
1524757505977176822;1524757505977307881;_recv_Placeholder_2_0/_4;131059;5
1524757505959555963;1524757505959679048;_recv_Placeholder_1_0/_6;123085;4
1524757505983398166;1524757505983518944;gradients/MaxPool_grad/MaxPoolGrad;120778;5
1524757506012556244;1524757506012673227;gradients/Conv2D_grad/Conv2DBackpropFilter;116983;6
1524757505959698332;1524757505959815226;_recv_Placeholder_2_0/_4;116894;4
1524757505933301003;1524757505933412993;Conv2D;111990;3
1524757505983224323;1524757505983336122;gradients/Conv2D_1_grad/Conv2DBackpropFilter;111799;5
1524757505933901099;1524757505934002418;MaxPool_1;101319;3
1524757505983799796;1524757505983896993;gradients/Conv2D_grad/Conv2DBackpropFilter;97197;5
1524757505960012332;1524757505960097493;Conv2D;85161;4
1524757505933514657;1524757505933589827;MaxPool;75170;3
1524757505977481877;1524757505977555954;Conv2D;74077;5
1524757505960191858;1524757505960265259;Conv2D_1;73401;4
1524757505977641725;1524757505977712302;Conv2D_1;70577;5
1524757505982620210;1524757505982666934;Adam/update_Variable_6/ApplyAdam;46724;5
1524757505963964718;1524757505964008034;gradients/Mean_grad/Tile;43316;4
1524757506005745238;1524757506005787206;gradients/Mean_grad/Prod_1;41968;6
1524757506006582688;1524757506006624060;MaxPool_1;41372;6
1524757506006219020;1524757506006260217;MaxPool;41197;6
1524757505966642188;1524757505966683212;Adam/update_Variable_4/ApplyAdam;41024;4
1524757505965828995;1524757505965868956;Adam/update_Variable_5/ApplyAdam;39961;4
1524757505933821271;1524757505933860156;BiasAdd_1;38885;3
1524757506010816269;1524757506010855085;Adam/update_Variable_7/ApplyAdam;38816;6
1524757505966104097;1524757505966142165;Adam/update_Variable_1/ApplyAdam;38068;4
1524757506011245725;1524757506011282956;gradients/MatMul_grad/MatMul_1;37231;6
1524757506012686966;1524757506012723662;Adam/update_Variable_4/ApplyAdam;36696;6
1524757505940050132;1524757505940085741;Adam/update_Variable_5/ApplyAdam;35609;3
1524757505938925771;1524757505938960958;Adam/update_Variable_7/ApplyAdam;35187;3
1524757505964717600;1524757505964752561;Adam/update_Variable_7/ApplyAdam;34961;4
1524757506011295353;1524757506011330071;Adam/update_Variable_6/ApplyAdam;34718;6
1524757505940755806;1524757505940789825;Adam/update_Variable_4/ApplyAdam;34019;3
1524757505932852414;1524757505932886378;gradients/Mean_grad/Prod_1;33964;3
1524757505940268788;1524757505940302637;Adam/update_Variable_1/ApplyAdam;33849;3
1524757506012232597;1524757506012266438;Adam/update_Variable_1/ApplyAdam;33841;6
1524757505966708134;1524757505966741869;Adam/update_Variable/ApplyAdam;33735;4
1524757506012013917;1524757506012047613;Adam/update_Variable_5/ApplyAdam;33696;6
1524757505982209054;1524757505982242560;Adam/update_Variable_7/ApplyAdam;33506;5
1524757505939352747;1524757505939386223;Adam/update_Variable_6/ApplyAdam;33476;3
1524757506010940008;1524757506010972351;Adam/update_Variable_3/ApplyAdam;32343;6
1524757505939033448;1524757505939065446;Adam/update_Variable_3/ApplyAdam;31998;3
1524757505982325153;1524757505982356925;Adam/update_Variable_3/ApplyAdam;31772;5
1524757506006653411;1524757506006685130;MatMul;31719;6
1524757506011363590;1524757506011395117;Adam/update_Variable_2/ApplyAdam;31527;6
1524757506012744752;1524757506012776049;Adam/update_Variable/ApplyAdam;31297;6
1524757505939415727;1524757505939446762;Adam/update_Variable_2/ApplyAdam;31035;3
1524757505934470056;1524757505934501078;concat;31022;3
1524757505938673051;1524757505938703990;gradients/Mean_grad/Cast;30939;3
1524757505966185761;1524757505966216529;gradients/BiasAdd_grad/BiasAddGrad;30768;4
1524757506006696311;1524757506006726093;Add;29782;6
1524757505983907939;1524757505983937578;Adam/update_Variable_4/ApplyAdam;29639;5
1524757505940811646;1524757505940841201;Adam/update_Variable/ApplyAdam;29555;3
1524757505983529069;1524757505983558604;Adam/update_Variable_1/ApplyAdam;29535;5
1524757505983347291;1524757505983376790;Adam/update_Variable_5/ApplyAdam;29499;5
1524757505938716744;1524757505938746132;gradients/Mean_grad/truediv;29388;3
1524757506011606122;1524757506011635303;gradients/BiasAdd_1_grad/BiasAddGrad;29181;6
1524757505964819772;1524757505964848552;Adam/update_Variable_3/ApplyAdam;28780;4
1524757505939651242;1524757505939679648;gradients/BiasAdd_1_grad/BiasAddGrad;28406;3
1524757505965126369;1524757505965154764;Adam/update_Variable_6/ApplyAdam;28395;4
1524757505959826295;1524757505959854362;gradients/Mean_grad/Prod_1;28067;4
1524757506010750238;1524757506010778037;gradients/MatMul_1_grad/MatMul;27799;6
1524757506012305159;1524757506012332610;gradients/BiasAdd_grad/BiasAddGrad;27451;6
1524757505940351307;1524757505940378736;gradients/BiasAdd_grad/BiasAddGrad;27429;3
1524757506006141828;1524757506006169025;BiasAdd;27197;6
1524757505966800961;1524757505966828047;Adam/Assign;27086;4
1524757505964503130;1524757505964529970;gradients/Mean_grad/Cast;26840;4
1524757505982696042;1524757505982722539;Adam/update_Variable_2/ApplyAdam;26497;5
1524757505940893174;1524757505940919612;Adam/Assign;26438;3
1524757505982925583;1524757505982951948;gradients/BiasAdd_1_grad/BiasAddGrad;26365;5
1524757505965181254;1524757505965207615;Adam/update_Variable_2/ApplyAdam;26361;4
1524757506011158434;1524757506011184328;gradients/Add_grad/Sum_1;25894;6
1524757505939244713;1524757505939270555;gradients/Add_grad/Sum_1;25842;3
1524757506012828907;1524757506012854296;Adam/Assign;25389;6
1524757505965388451;1524757505965413571;gradients/BiasAdd_1_grad/BiasAddGrad;25120;4
1524757505960158776;1524757505960183695;MaxPool;24919;4
1524757505983954787;1524757505983979665;Adam/update_Variable/ApplyAdam;24878;5
1524757505982054674;1524757505982079547;gradients/SoftmaxCrossEntropyWithLogits_grad/mul;24873;5
1524757505983589335;1524757505983613686;gradients/BiasAdd_grad/BiasAddGrad;24351;5
1524757505933869430;1524757505933893780;Relu_1;24350;3
1524757505965015773;1524757505965039867;gradients/Add_grad/Sum_1;24094;4
1524757505978130656;1524757505978154557;MatMul_1;23901;5
1524757505977317253;1524757505977340908;gradients/Mean_grad/Prod_1;23655;5
1524757506006181879;1524757506006205361;Relu;23482;6
1524757506010604575;1524757506010628037;gradients/Mean_grad/truediv;23462;6
1524757506010881545;1524757506010904817;gradients/dropout/mul_grad/mul;23272;6
1524757505982524496;1524757505982547303;gradients/Add_grad/Sum_1;22807;5
1524757505960407383;1524757505960429984;MatMul;22601;4
1524757506006813428;1524757506006835962;dropout/div;22534;6
1524757505965095076;1524757505965117586;gradients/MatMul_grad/MatMul_1;22510;4
1524757505977612576;1524757505977634983;MaxPool;22407;5
1524757506006515455;1524757506006537746;BiasAdd_1;22291;6
1524757505934020958;1524757505934043210;MatMul;22252;3
1524757505960367950;1524757505960389961;MaxPool_1;22011;4
1524757505937872116;1524757505937893909;gradients/Mean_grad/Tile;21793;3
1524757506007150441;1524757506007171992;MatMul_1;21551;6
1524757505981989764;1524757505982011243;gradients/Mean_grad/Cast;21479;5
1524757505982290713;1524757505982311999;gradients/dropout/mul_grad/mul_1;21286;5
1524757506006876978;1524757506006898151;dropout/random_uniform/RandomUniform;21173;6
1524757506010693106;1524757506010714122;gradients/Add_1_grad/Sum_1;21016;6
1524757506006951432;1524757506006972306;dropout/random_uniform/mul;20874;6
1524757505933430430;1524757505933451266;BiasAdd;20836;3
1524757506007193901;1524757506007214655;Add_1;20754;6
1524757506006548879;1524757506006569550;Relu_1;20671;6
1524757506006982930;1524757506007003509;gradients/dropout/div_grad/RealDiv_2;20579;6
1524757505977804940;1524757505977825427;MaxPool_1;20487;5
1524757505984022787;1524757505984043175;Adam/Assign;20388;5
1524757506007014367;1524757506007034753;dropout/random_uniform;20386;6
1524757506006919912;1524757506006940245;gradients/dropout/div_grad/RealDiv_1;20333;6
1524757506007110154;1524757506007130483;dropout/mul;20329;6
1524757506006847863;1524757506006868102;gradients/dropout/div_grad/Neg;20239;6
1524757505933461724;1524757505933481836;Relu;20112;3
1524757506007045053;1524757506007065103;dropout/add;20050;6
1524757505938868326;1524757505938888329;gradients/MatMul_1_grad/MatMul;20003;3
1524757506006755491;1524757506006775354;Relu_2;19863;6
1524757505934347230;1524757505934367044;MatMul_1;19814;3
1524757506007075743;1524757506007095491;dropout/Floor;19748;6
1524757506011076733;1524757506011096401;gradients/dropout/div_grad/Sum_1;19668;6
1524757505966152816;1524757505966172436;gradients/Relu_grad/ReluGrad;19620;4
1524757505981469383;1524757505981488929;gradients/Mean_grad/Tile;19546;5
1524757506010577794;1524757506010596883;gradients/Mean_grad/Cast;19089;6
1524757505938770349;1524757505938789417;gradients/SoftmaxCrossEntropyWithLogits_grad/mul;19068;3
1524757505938814777;1524757505938833701;gradients/Add_1_grad/Sum_1;18924;3
1524757506011576470;1524757506011595213;gradients/Relu_1_grad/ReluGrad;18743;6
1524757505982154030;1524757505982172729;gradients/MatMul_1_grad/MatMul;18699;5
1524757505964665229;1524757505964683817;gradients/MatMul_1_grad/MatMul;18588;4
1524757505977843030;1524757505977861367;MatMul;18337;5
1524757506010063073;1524757506010081365;gradients/Mean_grad/Tile;18292;6
1524757506010788006;1524757506010805782;gradients/MatMul_1_grad/MatMul_1;17776;6
1524757505939302528;1524757505939320175;gradients/MatMul_grad/MatMul;17647;3
1524757505940321220;1524757505940338808;gradients/Relu_grad/ReluGrad;17588;3
1524757505982102614;1524757505982120201;gradients/Add_1_grad/Sum_1;17587;5
1524757505982181503;1524757505982199020;gradients/MatMul_1_grad/MatMul_1;17517;5
1524757505966752261;1524757505966769700;Adam/mul;17439;4
1524757506011220277;1524757506011237716;gradients/MatMul_grad/MatMul;17439;6
1524757505940850246;1524757505940867548;Adam/mul;17302;3
1524757505939166854;1524757505939184092;gradients/dropout/div_grad/Sum_1;17238;3
1524757505964614112;1524757505964631349;gradients/Add_1_grad/Sum_1;17237;4
1524757506010651673;1524757506010668801;gradients/SoftmaxCrossEntropyWithLogits_grad/mul;17128;6
1524757506012275900;1524757506012293027;gradients/Relu_grad/ReluGrad;17127;6
1524757505938897199;1524757505938914208;gradients/MatMul_1_grad/MatMul_1;17009;3
1524757505939624444;1524757505939641371;gradients/Relu_1_grad/ReluGrad;16927;3
1524757505965070785;1524757505965087648;gradients/MatMul_grad/MatMul;16863;4
1524757506011124267;1524757506011140986;gradients/Relu_2_grad/ReluGrad;16719;6
1524757505960436916;1524757505960453587;Add;16671;4
1524757505966836532;1524757505966853079;Adam/Assign_1;16547;4
1524757505934049769;1524757505934066062;Add;16293;3
1524757506010914646;1524757506010930832;gradients/dropout/mul_grad/mul_1;16186;6
1524757505964537599;1524757505964553767;gradients/Mean_grad/truediv;16168;4
1524757505964943181;1524757505964959315;gradients/dropout/div_grad/Sum_1;16134;4
1524757505960715250;1524757505960731274;MatMul_1;16024;4
1524757505964574457;1524757505964590347;gradients/SoftmaxCrossEntropyWithLogits_grad/mul;15890;4
1524757505977867769;1524757505977883359;Add;15590;5
1524757505938987417;1524757505939002995;gradients/dropout/mul_grad/mul;15578;3
1524757505964692656;1524757505964708154;gradients/MatMul_1_grad/MatMul_1;15498;4
1524757506012785844;1524757506012801320;Adam/mul;15476;6
1524757505939327855;1524757505939343262;gradients/MatMul_grad/MatMul_1;15407;3
1524757505934381478;1524757505934396766;Add_1;15288;3
1524757505939212382;1524757505939227478;gradients/Relu_2_grad/ReluGrad;15096;3
1524757506011022794;1524757506011037871;gradients/dropout/div_grad/RealDiv;15077;6
1524757506012861600;1524757506012876581;Adam/Assign_1;14981;6
1524757505982456528;1524757505982471446;gradients/dropout/div_grad/Sum_1;14918;5
1524757505940926980;1524757505940941862;Adam/Assign_1;14882;3
1524757505966778999;1524757505966793788;Adam/mul_1;14789;4
1524757505982019236;1524757505982034016;gradients/Mean_grad/truediv;14780;5
1524757505982576984;1524757505982591708;gradients/MatMul_grad/MatMul;14724;5
1524757505960114072;1524757505960128753;BiasAdd;14681;4
1524757505982268048;1524757505982282686;gradients/dropout/mul_grad/mul;14638;5
1524757505965364844;1524757505965379438;gradients/Relu_1_grad/ReluGrad;14594;4
1524757505960502251;1524757505960516729;dropout/div;14478;4
1524757505982902261;1524757505982916710;gradients/Relu_1_grad/ReluGrad;14449;5
1524757505984049214;1524757505984063629;Adam/Assign_1;14415;5
1524757505939114104;1524757505939128513;gradients/dropout/div_grad/RealDiv;14409;3
1524757505960136064;1524757505960150413;Relu;14349;4
1524757505960589941;1524757505960604132;dropout/random_uniform/mul;14191;4
1524757506011045753;1524757506011059832;gradients/dropout/div_grad/mul;14079;6
1524757505964778043;1524757505964792119;gradients/dropout/mul_grad/mul;14076;4
1524757506012808067;1524757506012822060;Adam/mul_1;13993;6
1524757505960346097;1524757505960359961;Relu_1;13864;4
1524757505960648971;1524757505960662825;dropout/add;13854;4
1524757505964986278;1524757505965000106;gradients/Relu_2_grad/ReluGrad;13828;4
1524757505977570361;1524757505977584147;BiasAdd;13786;5
1524757505960325424;1524757505960339185;BiasAdd_1;13761;4
1524757505939011200;1524757505939024918;gradients/dropout/mul_grad/mul_1;13718;3
1524757505934113733;1524757505934127447;dropout/div;13714;3
1524757505978010853;1524757505978024391;dropout/random_uniform/mul;13538;5
1524757505977928966;1524757505977942453;dropout/div;13487;5
1524757505977949087;1524757505977962506;gradients/dropout/div_grad/Neg;13419;5
1524757505982598409;1524757505982611810;gradients/MatMul_grad/MatMul_1;13401;5
1524757505978066479;1524757505978079864;dropout/add;13385;5
1524757505939136059;1524757505939149381;gradients/dropout/div_grad/mul;13322;3
1524757505960545264;1524757505960558508;dropout/random_uniform/RandomUniform;13244;4
1524757505964894304;1524757505964907484;gradients/dropout/div_grad/RealDiv;13180;4
1524757505983988449;1524757505984001558;Adam/mul;13109;5
1524757505960744629;1524757505960757695;Add_1;13066;4
1524757505977895479;1524757505977908532;Relu_2;13053;5
1524757505940874211;1524757505940887250;Adam/mul_1;13039;3
1524757505934153502;1524757505934166539;dropout/random_uniform/RandomUniform;13037;3
1524757505977764472;1524757505977777471;BiasAdd_1;12999;5
1524757505982429110;1524757505982442104;gradients/dropout/div_grad/mul;12994;5
1524757505982496513;1524757505982509506;gradients/Relu_2_grad/ReluGrad;12993;5
1524757505934177809;1524757505934190723;gradients/dropout/div_grad/RealDiv_1;12914;3
1524757505977968342;1524757505977981247;dropout/random_uniform/RandomUniform;12905;5
1524757505983566648;1524757505983579465;gradients/Relu_grad/ReluGrad;12817;5
1524757505960629654;1524757505960642443;dropout/random_uniform;12789;4
1524757505977591071;1524757505977603740;Relu;12669;5
1524757505960690144;1524757505960702794;dropout/mul;12650;4
1524757505982409739;1524757505982422387;gradients/dropout/div_grad/RealDiv;12648;5
1524757505960525358;1524757505960537901;gradients/dropout/div_grad/Neg;12543;4
1524757505960669729;1524757505960682262;dropout/Floor;12533;4
1524757505977348939;1524757505977361391;gradients/Mean_grad/Prod_1/_2;12452;5
1524757505934290150;1524757505934302558;dropout/mul;12408;3
1524757505978166324;1524757505978178707;Add_1;12383;5
1524757505977785497;1524757505977797870;Relu_1;12373;5
1524757505934197570;1524757505934209940;dropout/random_uniform/mul;12370;3
1524757505934135498;1524757505934147867;gradients/dropout/div_grad/Neg;12369;3
1524757505934252492;1524757505934264835;dropout/add;12343;3
1524757505964914401;1524757505964926707;gradients/dropout/div_grad/mul;12306;4
1524757505978086317;1524757505978098614;dropout/Floor;12297;5
1524757505960570845;1524757505960583071;gradients/dropout/div_grad/RealDiv_1;12226;4
1524757505934079537;1524757505934091760;Relu_2;12223;3
1524757505964799662;1524757505964811839;gradients/dropout/mul_grad/mul_1;12177;4
1524757505978048068;1524757505978060057;dropout/random_uniform;11989;5
1524757505978105698;1524757505978117519;dropout/mul;11821;5
1524757505934271088;1524757505934282870;dropout/Floor;11782;3
1524757505977992517;1524757505978004285;gradients/dropout/div_grad/RealDiv_1;11768;5
1524757505934233478;1524757505934245224;dropout/random_uniform;11746;3
1524757505960611152;1524757505960622713;gradients/dropout/div_grad/RealDiv_2;11561;4
1524757505960466885;1524757505960478359;Relu_2;11474;4
1524757505978030917;1524757505978041837;gradients/dropout/div_grad/RealDiv_2;10920;5
1524757505934216408;1524757505934227292;gradients/dropout/div_grad/RealDiv_2;10884;3
1524757505984007082;1524757505984017665;Adam/mul_1;10583;5
1524757505938443323;1524757505938453440;gradients/Mean_grad/floordiv;10117;3
1524757506004354468;1524757506004362678;gradients/Mean_grad/Shape_2/_0;8210;6
1524757505976406345;1524757505976414208;Variable_7/Adam;7863;5
1524757505938225654;1524757505938232888;gradients/Mean_grad/Prod;7234;3
1524757506010425048;1524757506010432097;gradients/Mean_grad/floordiv;7049;6
1524757505938206679;1524757505938213699;gradients/Mean_grad/Maximum;7020;3
1524757505937849080;1524757505937855655;gradients/Mean_grad/Shape;6575;3
1524757505981837883;1524757505981844307;gradients/Mean_grad/floordiv;6424;5
1524757505964353865;1524757505964360138;gradients/Mean_grad/floordiv;6273;4
1524757506007272945;1524757506007278830;concat;5885;6
1524757505963943376;1524757505963948882;gradients/Mean_grad/Shape;5506;4
1524757505938470092;1524757505938475452;gradients/Mean_grad/floordiv/_14;5360;3
1524757505964604464;1524757505964609787;gradients/Add_1_grad/Sum;5323;4
1524757505981449045;1524757505981454253;gradients/Mean_grad/Shape;5208;5
1524757505960797844;1524757505960802938;concat;5094;4
1524757506007253843;1524757506007258657;Slice_2;4814;6
1524757505964368348;1524757505964373155;gradients/Mean_grad/floordiv/_14;4807;4
1524757506010042613;1524757506010047401;gradients/Mean_grad/Shape;4788;6
1524757505964934238;1524757505964939025;gradients/dropout/div_grad/Sum;4787;4
1524757505981684738;1524757505981689469;gradients/Mean_grad/Prod;4731;5
1524757505964209104;1524757505964213793;gradients/Mean_grad/Prod;4689;4
1524757506010982227;1524757506010986804;gradients/dropout/mul_grad/Sum;4577;6
1524757506010263560;1524757506010268129;gradients/Mean_grad/Prod;4569;6
1524757505938188479;1524757505938192992;gradients/dropout/div_grad/BroadcastGradientArgs;4513;3
1524757506005797066;1524757506005801575;gradients/Mean_grad/Prod_1/_2;4509;6
1524757505959032909;1524757505959037391;gradients/Mean_grad/Shape_2/_0;4482;4
1524757505938805710;1524757505938810099;gradients/Add_1_grad/Sum;4389;3
1524757505937817712;1524757505937822089;gradients/Reshape_4_grad/Shape;4377;3
1524757506010684161;1524757506010688495;gradients/Add_1_grad/Sum;4334;6
1524757505938240740;1524757505938244912;gradients/Mean_grad/Prod/_12;4172;3
1524757505982093977;1524757505982098144;gradients/Add_1_grad/Sum;4167;5
1524757506006130282;1524757506006134414;gradients/Conv2D_grad/Shape;4132;6
1524757505978214152;1524757505978218195;concat;4043;5
1524757505937862356;1524757505937866364;gradients/Mean_grad/Shape_1/_10;4008;3
1524757505939074638;1524757505939078611;gradients/dropout/mul_grad/Sum;3973;3
1524757505931509376;1524757505931513287;gradients/Mean_grad/Shape_2/_0;3911;3
1524757505963922510;1524757505963926401;gradients/Reshape_4_grad/Shape;3891;4
1524757506006788971;1524757506006792857;gradients/Add_grad/BroadcastGradientArgs;3886;6
1524757505982375026;1524757505982378805;gradients/dropout/mul_grad/Sum;3779;5
1524757505976505671;1524757505976509437;gradients/Mean_grad/Shape_2/_0;3766;5
1524757505963955478;1524757505963959192;gradients/Mean_grad/Shape_1/_10;3714;4
1524757506010053815;1524757506010057503;gradients/Mean_grad/Shape_1/_10;3688;6
1524757506011150403;1524757506011154087;gradients/Add_grad/Sum;3684;6
1524757505964857320;1524757505964860997;gradients/dropout/mul_grad/Sum;3677;4
1524757505932922428;1524757505932926054;gradients/Mean_grad/Prod_1/_2;3626;3
1524757505934456586;1524757505934460178;Slice_2;3592;3
1524757506011068414;1524757506011071982;gradients/dropout/div_grad/Sum;3568;6
1524757505960785158;1524757505960788705;Slice_2;3547;4
1524757505939236807;1524757505939240349;gradients/Add_grad/Sum;3542;3
1524757505939158810;1524757505939162328;gradients/dropout/div_grad/Sum;3518;3
1524757505981460467;1524757505981463973;gradients/Mean_grad/Shape_1/_10;3506;5
1524757505931217308;1524757505931220813;_SOURCE;3505;3
1524757506003954408;1524757506003957663;Variable_5;3255;6
1524757505965008545;1524757505965011796;gradients/Add_grad/Sum;3251;4
1524757505982517304;1524757505982520524;gradients/Add_grad/Sum;3220;5
1524757505981664399;1524757505981667608;gradients/dropout/div_grad/BroadcastGradientArgs;3209;5
1524757505960106848;1524757505960110026;gradients/Conv2D_grad/Shape;3178;4
1524757505981693858;1524757505981697024;gradients/Mean_grad/Prod/_12;3166;5
1524757505982449485;1524757505982452641;gradients/dropout/div_grad/Sum;3156;5
1524757505933421932;1524757505933425041;gradients/Conv2D_grad/Shape;3109;3
1524757506010274589;1524757506010277692;gradients/Mean_grad/Prod/_12;3103;6
1524757506006504771;1524757506006507870;gradients/Conv2D_1_grad/Shape;3099;6
1524757506007314685;1524757506007317769;concat_1;3084;6
1524757506010636450;1524757506010639528;gradients/Reshape_4_grad/Reshape;3078;6
1524757506010440700;1524757506010443771;gradients/Mean_grad/floordiv/_14;3071;6
1524757506010991380;1524757506010994359;gradients/dropout/mul_grad/Sum_1;2979;6
1524757505978203067;1524757505978206024;Slice_2;2957;5
1524757505981852782;1524757505981855739;gradients/Mean_grad/floordiv/_14;2957;5
1524757506003823668;1524757506003826616;_SOURCE;2948;6
1524757505964218224;1524757505964221152;gradients/Mean_grad/Prod/_12;2928;4
1524757505959861167;1524757505959864032;gradients/Mean_grad/Prod_1/_2;2865;4
1524757505960488033;1524757505960490873;gradients/Add_grad/BroadcastGradientArgs;2840;4
1524757505939083116;1524757505939085955;gradients/dropout/mul_grad/Sum_1;2839;3
1524757505964197928;1524757505964200709;gradients/Mean_grad/Maximum;2781;4
1524757505964187628;1524757505964190388;gradients/dropout/div_grad/BroadcastGradientArgs;2760;4
1524757506010243396;1524757506010246130;gradients/dropout/div_grad/BroadcastGradientArgs;2734;6
1524757505964865493;1524757505964868165;gradients/dropout/mul_grad/Sum_1;2672;4
1524757506010253619;1524757506010256265;gradients/Mean_grad/Maximum;2646;6
1524757505966699582;1524757505966702225;gradients/Conv2D_grad/tuple/control_dependency_1;2643;4
1524757505934100220;1524757505934102824;gradients/Add_grad/BroadcastGradientArgs;2604;3
1524757506007243772;1524757506007246352;gradients/Add_1_grad/BroadcastGradientArgs;2580;6
1524757506005970048;1524757506005972572;Reshape;2524;6
1524757505981675299;1524757505981677813;gradients/Mean_grad/Maximum;2514;5
1524757505938165374;1524757505938167886;gradients/dropout/div_grad/Shape_1;2512;3
1524757505960002008;1524757505960004472;Reshape;2464;4
1524757505982382915;1524757505982385364;gradients/dropout/mul_grad/Sum_1;2449;5
1524757506006800678;1524757506006803112;dropout/Shape;2434;6
1524757506006635362;1524757506006637792;gradients/Reshape_1_grad/Shape;2430;6
1524757506006744090;1524757506006746470;gradients/Add_grad/Shape;2380;6
1524757506006909602;1524757506006911979;gradients/dropout/mul_grad/Shape;2377;6
1524757505933814835;1524757505933817190;gradients/Conv2D_1_grad/Shape;2355;3
1524757505934524819;1524757505934527145;concat_1;2326;3
1524757506007181010;1524757506007183300;gradients/dropout/mul_grad/BroadcastGradientArgs;2290;6
1524757505977564338;1524757505977566615;gradients/Conv2D_grad/Shape;2277;5
1524757505981431036;1524757505981433313;gradients/Reshape_4_grad/Shape;2277;5
1524757506010022101;1524757506010024358;gradients/Reshape_4_grad/Shape;2257;6
1524757505940385538;1524757505940387793;gradients/BiasAdd_grad/tuple/group_deps;2255;3
1524757505958731207;1524757505958733421;_SOURCE;2214;4
1524757505977916457;1524757505977918662;gradients/Add_grad/BroadcastGradientArgs;2205;5
1524757506007306251;1524757506007308369;Slice_1;2118;6
1524757506007223619;1524757506007225736;gradients/Add_1_grad/Shape;2117;6
1524757506007140946;1524757506007143050;gradients/dropout/mul_grad/Shape_1;2104;6
1524757506007264919;1524757506007267021;Slice;2102;6
1524757505965419520;1524757505965421617;gradients/BiasAdd_1_grad/tuple/group_deps;2097;4
1524757506011647596;1524757506011649693;gradients/BiasAdd_1_grad/tuple/control_dependency;2097;6
1524757505938763732;1524757505938765823;gradients/SoftmaxCrossEntropyWithLogits_grad/ExpandDims;2091;3
1524757505977472650;1524757505977474608;Reshape;1958;5
1524757505934418461;1524757505934420412;gradients/Add_1_grad/BroadcastGradientArgs;1951;3
1524757505934340099;1524757505934342049;gradients/dropout/mul_grad/Shape_1;1950;3
1524757505933237667;1524757505933239610;Reshape;1943;3
1524757506010644794;1524757506010646724;gradients/SoftmaxCrossEntropyWithLogits_grad/ExpandDims;1930;6
1524757505934373775;1524757505934375660;gradients/dropout/mul_grad/BroadcastGradientArgs;1885;3
1524757505982048365;1524757505982050223;gradients/SoftmaxCrossEntropyWithLogits_grad/ExpandDims;1858;5
1524757505982482757;1524757505982484604;gradients/dropout/div_grad/Reshape_1;1847;5
1524757505981648038;1524757505981649864;gradients/dropout/div_grad/Shape_1;1826;5
1524757505960824183;1524757505960825985;concat_1;1802;4
1524757505977758902;1524757505977760694;gradients/Conv2D_1_grad/Shape;1792;5
1524757505960319365;1524757505960321151;gradients/Conv2D_1_grad/Shape;1786;4
1524757505960777061;1524757505960778826;gradients/Add_1_grad/BroadcastGradientArgs;1765;4
1524757505976258111;1524757505976259864;Variable;1753;5
1524757505978197101;1524757505978198820;gradients/Add_1_grad/BroadcastGradientArgs;1719;5
1524757506010232888;1524757506010234607;gradients/dropout/div_grad/Shape_1;1719;6
1524757505964178038;1524757505964179748;gradients/dropout/div_grad/Shape_1;1710;4
1524757505978238147;1524757505978239852;concat_1;1705;5
1524757506007298401;1524757506007300101;Shape_2;1700;6
1524757505931279025;1524757505931280711;Variable;1686;3
1524757506007234413;1524757506007236085;Shape;1672;6
1524757505934011025;1524757505934012693;gradients/Reshape_1_grad/Shape;1668;3
1524757505958838654;1524757505958840315;concat/values_0;1661;4
1524757505960737571;1524757505960739219;gradients/dropout/mul_grad/BroadcastGradientArgs;1648;4
1524757505964567972;1524757505964569607;gradients/SoftmaxCrossEntropyWithLogits_grad/ExpandDims;1635;4
1524757505964883945;1524757505964885541;gradients/dropout/mul_grad/tuple/group_deps;1596;4
1524757505960459331;1524757505960460896;gradients/Add_grad/Shape;1565;4
1524757506003901939;1524757506003903502;Variable;1563;6
1524757505934402794;1524757505934404348;gradients/Add_1_grad/Shape;1554;3
1524757505960396665;1524757505960398216;gradients/Reshape_1_grad/Shape;1551;4
1524757506006644543;1524757506006646090;Reshape_1;1547;6
1524757505978160102;1524757505978161624;gradients/dropout/mul_grad/BroadcastGradientArgs;1522;5
1524757505977888915;1524757505977890414;gradients/Add_grad/Shape;1499;5
1524757505978123750;1524757505978125245;gradients/dropout/mul_grad/Shape_1;1495;5
1524757505976217644;1524757505976219134;_SOURCE;1490;5
1524757505976369230;1524757505976370710;Variable_2/Adam;1480;5
1524757505982571649;1524757505982573105;gradients/Add_grad/tuple/control_dependency_1;1456;5
1524757505931325582;1524757505931327031;Reshape/shape;1449;3
1524757505934071746;1524757505934073182;gradients/Add_grad/Shape;1436;3
1524757505977831641;1524757505977833062;gradients/Reshape_1_grad/Shape;1421;5
1524757506003981206;1524757506003982612;Reshape/shape;1406;6
1524757505977986596;1524757505977987988;gradients/dropout/mul_grad/Shape;1392;5
1524757505937839808;1524757505937841198;Reshape_4;1390;3
1524757505934464682;1524757505934466066;Slice;1384;3
1524757505960564443;1524757505960565801;gradients/dropout/mul_grad/Shape;1358;4
1524757505931394386;1524757505931395735;Variable_1/Adam_1;1349;3
1524757505960763751;1524757505960765097;gradients/Add_1_grad/Shape;1346;4
1524757505960792636;1524757505960793973;Slice;1337;4
1524757505960709304;1524757505960710634;gradients/dropout/mul_grad/Shape_1;1330;4
1524757505958875201;1524757505958876526;gradients/Conv2D_1_grad/Shape_1;1325;4
1524757505931299815;1524757505931301127;Variable_2;1312;3
1524757505934172033;1524757505934173321;gradients/dropout/mul_grad/Shape;1288;3
1524757505931330461;1524757505931331743;Reshape_1/shape;1282;3
1524757505963937087;1524757505963938365;Reshape_4;1278;4
1524757505937831169;1524757505937832440;gradients/SoftmaxCrossEntropyWithLogits_grad/PreventGradient;1271;3
1524757505976482140;1524757505976483411;Variable_2/read;1271;5
1524757505960770715;1524757505960771982;Shape;1267;4
1524757505978183822;1524757505978185069;gradients/Add_1_grad/Shape;1247;5
1524757505934519269;1524757505934520512;Slice_1;1243;3
1524757506007285867;1524757506007287110;Reshape_2;1243;6
1524757505960402019;1524757505960403260;Reshape_1;1241;4
1524757506004294162;1524757506004295400;Variable/read;1238;6
1524757505978190022;1524757505978191242;Shape;1220;5
1524757505938756945;1524757505938758158;gradients/Reshape_4_grad/Reshape;1213;3
1524757505960807500;1524757505960808695;Reshape_2;1195;4
1524757505931488043;1524757505931489230;Variable_2/read;1187;3
1524757505934514141;1524757505934515325;Shape_2;1184;3
1524757506004074815;1524757506004075994;gradients/Conv2D_grad/Shape_1;1179;6
1524757505934506995;1524757505934508159;Reshape_2;1164;3
1524757505931410077;1524757505931411226;Variable_3/Adam_1;1149;3
1524757506007324338;1524757506007325485;Reshape_3;1147;6
1524757505960495862;1524757505960497008;dropout/Shape;1146;4
1524757505934411844;1524757505934412982;Shape;1138;3
1524757505931309269;1524757505931310404;Variable_4;1135;3
1524757505960819134;1524757505960820261;Slice_1;1127;4
1524757506004274214;1524757506004275339;Slice/begin/_2__cf__2;1125;6
1524757506004150912;1524757506004152032;Variable_3/Adam_1;1120;6
1524757506004240693;1524757506004241805;Adam/beta2;1112;6
1524757505934107745;1524757505934108855;dropout/Shape;1110;3
1524757506011356949;1524757506011358055;gradients/Reshape_1_grad/Reshape;1106;6
1524757505931402842;1524757505931403940;Variable_2/Adam_1;1098;3
1524757505982087612;1524757505982088696;gradients/Reshape_2_grad/Reshape;1084;5
1524757505931321103;1524757505931322184;Variable_7;1081;3
1524757505931431446;1524757505931432527;Variable_6/Adam_1;1081;3
1524757506003989230;1524757506003990311;Reshape_1/shape;1081;6
1524757505977837988;1524757505977839058;Reshape_1;1070;5
1524757505931304847;1524757505931305912;Variable_3;1065;3
1524757506004081789;1524757506004082853;beta1_power;1064;6
1524757506003996233;1524757506003997295;dropout/random_uniform/min;1062;6
1524757505982042171;1524757505982043232;gradients/Reshape_4_grad/Reshape;1061;5
1524757505978209767;1524757505978210827;Slice;1060;5
1524757506004254137;1524757506004255197;Adam/epsilon;1060;6
1524757505964561787;1524757505964562845;gradients/Reshape_4_grad/Reshape;1058;4
1524757505931413912;1524757505931414969;Variable_4/Adam;1057;3
1524757506004036938;1524757506004037993;gradients/Mean_grad/Maximum/y;1055;6
1524757505931380015;1524757505931381068;beta2_power;1053;3
1524757505931435952;1524757505931437000;Variable_7/Adam;1048;3
1524757506003916301;1524757506003917342;Variable_1;1041;6
1524757505931421096;1524757505931422130;Variable_5/Adam;1034;3
1524757505960814297;1524757505960815328;Shape_2;1031;4
1524757506004060030;1524757506004061060;gradients/Add_grad/Shape_1;1030;6
1524757505977923043;1524757505977924071;dropout/Shape;1028;5
1524757506004286727;1524757506004287747;gradients/Mean_grad/Reshape/_4__cf__4;1020;6
1524757505978233404;1524757505978234421;Slice_1;1017;5
1524757506004267171;1524757506004268188;dropout/random_uniform/sub/_0__cf__0;1017;6
1524757506011103345;1524757506011104355;gradients/dropout/div_grad/Reshape;1010;6
1524757505938797277;1524757505938798285;gradients/Reshape_2_grad/Reshape;1008;3
1524757506004003510;1524757506004004513;concat/values_0;1003;6
1524757506004051290;1524757506004052276;gradients/Add_1_grad/Shape_1;986;6
1524757506011198656;1524757506011199642;gradients/Add_grad/Reshape_1;986;6
1524757506004027707;1524757506004028685;gradients/Mean_grad/Shape_2;978;6
1524757505978228722;1524757505978229698;Shape_2;976;5
1524757506004100943;1524757506004101917;Variable/Adam;974;6
1524757505934016202;1524757505934017172;Reshape_1;970;3
1524757506010676992;1524757506010677955;gradients/Reshape_2_grad/Reshape;963;6
1524757506004386768;1524757506004387728;beta2_power/read;960;6
1524757506004164319;1524757506004165272;Variable_4/Adam_1;953;6
1524757506004068006;1524757506004068957;gradients/Conv2D_1_grad/Shape_1;951;6
1524757506004044368;1524757506004045314;gradients/SoftmaxCrossEntropyWithLogits_grad/ExpandDims/dim;946;6
1524757506004206271;1524757506004207212;Variable_7/Adam_1;941;6
1524757506004018861;1524757506004019801;Slice_2/begin;940;6
1524757505938839627;1524757505938840563;gradients/Add_1_grad/Reshape;936;3
1524757506010720434;1524757506010721366;gradients/Add_1_grad/Reshape;932;6
1524757506010998935;1524757506010999867;gradients/dropout/mul_grad/Reshape;932;6
1524757506004303318;1524757506004304245;Variable_1/read;927;6
1524757506004320001;1524757506004320927;Variable_3/read;926;6
1524757506010036422;1524757506010037347;Reshape_4;925;6
1524757505958782000;1524757505958782924;Variable;924;4
1524757505958825531;1524757505958826454;Reshape/shape;923;4
1524757506004192770;1524757506004193693;Variable_6/Adam_1;923;6
1524757506004180115;1524757506004181032;Variable_5/Adam_1;917;6
1524757505981443258;1524757505981444166;Reshape_4;908;5
1524757506003929410;1524757506003930316;Variable_2;906;6
1524757506004011634;1524757506004012538;concat/axis;904;6
1524757506004212968;1524757506004213871;Adam/learning_rate;903;6
1524757505939276522;1524757505939277419;gradients/Add_grad/Reshape;897;3
1524757506004122705;1524757506004123596;Variable_1/Adam_1;891;6
1524757506011190452;1524757506011191342;gradients/Add_grad/Reshape;890;6
1524757505964597758;1524757505964598645;gradients/Reshape_2_grad/Reshape;887;4
1524757506004090106;1524757506004090992;beta2_power;886;6
1524757505939409704;1524757505939410587;gradients/Reshape_1_grad/Reshape;883;3
1524757505939190536;1524757505939191418;gradients/dropout/div_grad/Reshape;882;3
1524757506004225439;1524757506004226317;Adam/beta1;878;6
1524757505982688752;1524757505982689628;gradients/Reshape_1_grad/Reshape;876;5
1524757506004328177;1524757506004329048;Variable_4/read;871;6
1524757505966224108;1524757505966224975;gradients/BiasAdd_grad/tuple/group_deps;867;4
1524757506003937953;1524757506003938819;Variable_3;866;6
1524757506004108577;1524757506004109437;Variable/Adam_1;860;6
1524757506004173232;1524757506004174091;Variable_5/Adam;859;6
1524757506004341549;1524757506004342408;Variable_6/read;859;6
1524757506004311667;1524757506004312522;Variable_2/read;855;6
1524757505964872544;1524757505964873396;gradients/dropout/mul_grad/Reshape;852;4
1524757505964637342;1524757505964638192;gradients/Add_1_grad/Reshape;850;4
1524757506004143855;1524757506004144704;Variable_3/Adam;849;6
1524757505978222524;1524757505978223371;Reshape_2;847;5
1524757505982125906;1524757505982126750;gradients/Add_1_grad/Reshape;844;5
1524757505939090271;1524757505939091111;gradients/dropout/mul_grad/Reshape;840;3
1524757506004115447;1524757506004116284;Variable_1/Adam;837;6
1524757506004372598;1524757506004373435;beta1_power/read;837;6
1524757505963931535;1524757505963932371;gradients/SoftmaxCrossEntropyWithLogits_grad/PreventGradient;836;4
1524757505966694125;1524757505966694957;gradients/Conv2D_grad/tuple/group_deps;832;4
1524757506004136454;1524757506004137286;Variable_2/Adam_1;832;6
1524757506004157562;1524757506004158394;Variable_4/Adam;832;6
1524757506004199629;1524757506004200457;Variable_7/Adam;828;6
1524757505982390533;1524757505982391359;gradients/dropout/mul_grad/Reshape;826;5
1524757505958997340;1524757505958998164;Variable/read;824;4
1524757506003973559;1524757506003974380;Variable_7;821;6
1524757505938845872;1524757505938846685;gradients/Add_1_grad/Reshape_1;813;3
1524757505964965625;1524757505964966434;gradients/dropout/div_grad/Reshape;809;4
1524757505965175891;1524757505965176694;gradients/Reshape_1_grad/Reshape;803;4
1524757505965045715;1524757505965046511;gradients/Add_grad/Reshape;796;4
1524757505982477262;1524757505982478057;gradients/dropout/div_grad/Reshape;795;5
1524757506004129732;1524757506004130527;Variable_2/Adam;795;6
1524757506004334821;1524757506004335616;Variable_5/read;795;6
1524757506004347947;1524757506004348737;Variable_7/read;790;6
1524757505934558538;1524757505934559316;Reshape_3;778;3
1524757506003965640;1524757506003966415;Variable_6;775;6
1524757505931350355;1524757505931351123;gradients/Mean_grad/Shape_2;768;3
1524757505982552734;1524757505982553498;gradients/Add_grad/Reshape;764;5
1524757505965051617;1524757505965052380;gradients/Add_grad/Reshape_1;763;4
1524757506003946192;1524757506003946952;Variable_4;760;6
1524757506010727102;1524757506010727861;gradients/Add_1_grad/Reshape_1;759;6
1524757505931369520;1524757505931370277;gradients/Conv2D_1_grad/Shape_1;757;3
1524757506004186478;1524757506004187235;Variable_6/Adam;757;6
1524757505965879915;1524757505965880671;gradients/Conv2D_1_grad/tuple/group_deps;756;4
1524757506004706116;1524757506004706871;_SOURCE;755;6
1524757505958834476;1524757505958835227;dropout/random_uniform/min;751;4
1524757505964653562;1524757505964654313;gradients/Add_1_grad/tuple/control_dependency;751;4
1524757505976294081;1524757505976294830;Reshape/shape;749;5
1524757505958870532;1524757505958871280;gradients/Add_grad/Shape_1;748;4
1524757505931387467;1524757505931388209;Variable/Adam_1;742;3
1524757506012058809;1524757506012059550;gradients/Conv2D_1_grad/tuple/group_deps;741;6
1524757505965885683;1524757505965886420;gradients/Conv2D_1_grad/tuple/control_dependency;737;4
1524757505976377434;1524757505976378168;Variable_3/Adam;734;5
1524757505939282502;1524757505939283235;gradients/Add_grad/Reshape_1;733;3
1524757505964643525;1524757505964644249;gradients/Add_1_grad/Reshape_1;724;4
1524757506012733849;1524757506012734569;gradients/Conv2D_grad/tuple/group_deps;720;6
1524757505964971423;1524757505964972131;gradients/dropout/div_grad/Reshape_1;708;4
1524757505966860301;1524757505966861009;Adam;708;4
1524757505931334670;1524757505931335377;dropout/random_uniform/min;707;3
1524757505940095596;1524757505940096303;gradients/Conv2D_1_grad/tuple/group_deps;707;3
1524757505931479343;1524757505931480046;Variable/read;703;3
1524757505931342330;1524757505931343032;concat/axis;702;3
1524757505966231762;1524757505966232460;gradients/BiasAdd_grad/tuple/control_dependency;698;4
1524757505939103959;1524757505939104656;gradients/dropout/mul_grad/tuple/group_deps;697;3
1524757505940100507;1524757505940101204;gradients/Conv2D_1_grad/tuple/control_dependency;697;3
1524757506011005594;1524757506011006291;gradients/dropout/mul_grad/Reshape_1;697;6
1524757506011341614;1524757506011342307;gradients/MatMul_grad/tuple/group_deps;693;6
1524757506012883579;1524757506012884272;Adam;693;6
1524757505938851661;1524757505938852352;gradients/Add_1_grad/tuple/group_deps;691;3
1524757505939395552;1524757505939396241;gradients/MatMul_grad/tuple/group_deps;689;3
1524757505982558276;1524757505982558964;gradients/Add_grad/Reshape_1;688;5
1524757505982138898;1524757505982139580;gradients/Add_1_grad/tuple/group_deps;682;5
1524757505939698877;1524757505939699558;gradients/BiasAdd_1_grad/tuple/control_dependency_1;681;3
1524757505940948121;1524757505940948801;Adam;680;3
1524757505939096711;1524757505939097389;gradients/dropout/mul_grad/Reshape_1;678;3
1524757505958879966;1524757505958880642;gradients/Conv2D_grad/Shape_1;676;4
1524757505981438180;1524757505981438856;gradients/SoftmaxCrossEntropyWithLogits_grad/PreventGradient;676;5
1524757506010029432;1524757506010030106;gradients/SoftmaxCrossEntropyWithLogits_grad/PreventGradient;674;6
1524757505940805802;1524757505940806475;gradients/Conv2D_grad/tuple/control_dependency_1;673;3
1524757505940799529;1524757505940800201;gradients/Conv2D_grad/tuple/group_deps;672;3
1524757506012738769;1524757506012739439;gradients/Conv2D_grad/tuple/control_dependency_1;670;6
1524757505938857834;1524757505938858502;gradients/Add_1_grad/tuple/control_dependency;668;3
1524757505982675829;1524757505982676496;gradients/MatMul_grad/tuple/group_deps;667;5
1524757505958983762;1524757505958984428;dropout/random_uniform/sub/_0__cf__0;666;4
1524757505960829830;1524757505960830494;Reshape_3;664;4
1524757506012064290;1524757506012064954;gradients/Conv2D_1_grad/tuple/control_dependency;664;6
1524757505982132021;1524757505982132681;gradients/Add_1_grad/Reshape_1;660;5
1524757505978243617;1524757505978244271;Reshape_3;654;5
1524757505982396283;1524757505982396937;gradients/dropout/mul_grad/Reshape_1;654;5
1524757505939196797;1524757505939197450;gradients/dropout/div_grad/Reshape_1;653;3
1524757506010865592;1524757506010866245;gradients/MatMul_1_grad/tuple/group_deps;653;6
1524757505938970597;1524757505938971249;gradients/MatMul_1_grad/tuple/group_deps;652;3
1524757506010737969;1524757506010738618;gradients/Add_1_grad/tuple/control_dependency;649;6
1524757505976463098;1524757505976463744;Slice/begin/_2__cf__2;646;5
1524757505982958079;1524757505982958724;gradients/BiasAdd_1_grad/tuple/group_deps;645;5
1524757505964648862;1524757505964649500;gradients/Add_1_grad/tuple/group_deps;638;4
1524757505976302630;1524757505976303268;dropout/random_uniform/min;638;5
1524757505964878685;1524757505964879321;gradients/dropout/mul_grad/Reshape_1;636;4
1524757506011642202;1524757506011642836;gradients/BiasAdd_1_grad/tuple/group_deps;634;6
1524757505966238514;1524757505966239145;gradients/BiasAdd_grad/tuple/control_dependency_1;631;4
1524757505982251735;1524757505982252366;gradients/MatMul_1_grad/tuple/group_deps;631;5
1524757506010870898;1524757506010871523;gradients/MatMul_1_grad/tuple/control_dependency;625;6
1524757506012339537;1524757506012340159;gradients/BiasAdd_grad/tuple/group_deps;622;6
1524757506011119385;1524757506011120006;gradients/dropout/div_grad/tuple/control_dependency;621;6
1524757506011346872;1524757506011347492;gradients/MatMul_grad/tuple/control_dependency;620;6
1524757505939287964;1524757505939288583;gradients/Add_grad/tuple/group_deps;619;3
1524757505964766885;1524757505964767504;gradients/MatMul_1_grad/tuple/control_dependency;619;4
1524757505965162911;1524757505965163530;gradients/MatMul_grad/tuple/group_deps;619;4
1524757505958987774;1524757505958988391;Slice/begin/_2__cf__2;617;4
1524757505958976252;1524757505958976868;Adam/epsilon;616;4
1524757506011109788;1524757506011110403;gradients/dropout/div_grad/Reshape_1;615;6
1524757505940392443;1524757505940393056;gradients/BiasAdd_grad/tuple/control_dependency;613;3
1524757505983946063;1524757505983946675;gradients/Conv2D_grad/tuple/group_deps;612;5
1524757506010733076;1524757506010733688;gradients/Add_1_grad/tuple/group_deps;612;6
1524757506011011541;1524757506011012151;gradients/dropout/mul_grad/tuple/group_deps;610;6
1524757505983389324;1524757505983389931;gradients/Conv2D_1_grad/tuple/control_dependency;607;5
1524757505976431760;1524757505976432366;Adam/learning_rate;606;5
1524757505965891766;1524757505965892371;gradients/Conv2D_1_grad/tuple/control_dependency_1;605;4
1524757505931443337;1524757505931443940;Adam/learning_rate;603;3
1524757505976326577;1524757505976327180;gradients/SoftmaxCrossEntropyWithLogits_grad/ExpandDims/dim;603;5
1524757505983385061;1524757505983385664;gradients/Conv2D_1_grad/tuple/group_deps;603;5
1524757505958861524;1524757505958862125;gradients/SoftmaxCrossEntropyWithLogits_grad/ExpandDims/dim;601;4
1524757505958928516;1524757505958929116;Variable_4/Adam_1;600;4
1524757506011015783;1524757506011016383;gradients/dropout/mul_grad/tuple/control_dependency;600;6
1524757505964761896;1524757505964762495;gradients/MatMul_1_grad/tuple/group_deps;599;4
1524757506011654888;1524757506011655487;gradients/BiasAdd_1_grad/tuple/control_dependency_1;599;6
1524757506012345053;1524757506012345652;gradients/BiasAdd_grad/tuple/control_dependency;599;6
1524757505939693103;1524757505939693701;gradients/BiasAdd_1_grad/tuple/control_dependency;598;3
1524757505939688107;1524757505939688704;gradients/BiasAdd_1_grad/tuple/group_deps;597;3
1524757505958888701;1524757505958889295;beta2_power;594;4
1524757505965056786;1524757505965057380;gradients/Add_grad/tuple/group_deps;594;4
1524757505931439903;1524757505931440496;Variable_7/Adam_1;593;3
1524757505958844429;1524757505958845022;concat/axis;593;4
1524757505939202046;1524757505939202637;gradients/dropout/div_grad/tuple/group_deps;591;3
1524757505939404789;1524757505939405379;gradients/MatMul_grad/tuple/control_dependency_1;590;3
1524757505982143703;1524757505982144293;gradients/Add_1_grad/tuple/control_dependency;590;5
1524757506011204602;1524757506011205192;gradients/Add_grad/tuple/group_deps;590;6
1524757505958830624;1524757505958831211;Reshape_1/shape;587;4
1524757506012069581;1524757506012070167;gradients/Conv2D_1_grad/tuple/control_dependency_1;586;6
1524757506011351998;1524757506011352583;gradients/MatMul_grad/tuple/control_dependency_1;585;6
1524757505931471054;1524757505931471638;Slice/begin/_2__cf__2;584;3
1524757505965425443;1524757505965426027;gradients/BiasAdd_1_grad/tuple/control_dependency;584;4
1524757505976298149;1524757505976298731;Reshape_1/shape;582;5
1524757505958954874;1524757505958955455;Adam/learning_rate;581;4
1524757505938975634;1524757505938976214;gradients/MatMul_1_grad/tuple/control_dependency;580;3
1524757505938982328;1524757505938982908;gradients/MatMul_1_grad/tuple/control_dependency_1;580;3
1524757505958897434;1524757505958898014;Variable/Adam_1;580;4
1524757505982258190;1524757505982258770;gradients/MatMul_1_grad/tuple/control_dependency;580;5
1524757506010876461;1524757506010877041;gradients/MatMul_1_grad/tuple/control_dependency_1;580;6
1524757505931417930;1524757505931418508;Variable_4/Adam_1;578;3
1524757505958883778;1524757505958884355;beta1_power;577;4
1524757505939207598;1524757505939208174;gradients/dropout/div_grad/tuple/control_dependency;576;3
1524757505982680337;1524757505982680913;gradients/MatMul_grad/tuple/control_dependency;576;5
1524757505976278207;1524757505976278782;Variable_4;575;5
1524757505939292498;1524757505939293072;gradients/Add_grad/tuple/control_dependency;574;3
1524757505976354281;1524757505976354855;Variable/Adam;574;5
1524757505976330378;1524757505976330949;gradients/Add_1_grad/Shape_1;571;5
1524757506012352165;1524757506012352736;gradients/BiasAdd_grad/tuple/control_dependency_1;571;6
1524757505958821191;1524757505958821760;Variable_7;569;4
1524757505959043415;1524757505959043983;beta1_power/read;568;4
1524757505976453035;1524757505976453603;Adam/epsilon;568;5
1524757505983950081;1524757505983950647;gradients/Conv2D_grad/tuple/control_dependency_1;566;5
1524757505931778672;1524757505931779237;_SOURCE;565;3
1524757505939108178;1524757505939108742;gradients/dropout/mul_grad/tuple/control_dependency;564;3
1524757505958893290;1524757505958893852;Variable/Adam;562;4
1524757505958865878;1524757505958866439;gradients/Add_1_grad/Shape_1;561;4
1524757505984069474;1524757505984070035;Adam;561;5
1524757505939400102;1524757505939400662;gradients/MatMul_grad/tuple/control_dependency;560;3
1524757505958961691;1524757505958962251;Adam/beta1;560;4
1524757505958950206;1524757505958950764;Variable_7/Adam_1;558;4
1524757505976428125;1524757505976428682;Variable_7/Adam_1;557;5
1524757505958905057;1524757505958905613;Variable_1/Adam_1;556;4
1524757505976342814;1524757505976343370;gradients/Conv2D_grad/Shape_1;556;5
1524757505976365711;1524757505976366265;Variable_1/Adam_1;554;5
1524757505958848308;1524757505958848861;Slice_2/begin;553;4
1524757505976290267;1524757505976290820;Variable_7;553;5
1524757505976319051;1524757505976319604;gradients/Mean_grad/Shape_2;553;5
1524757505976322792;1524757505976323344;gradients/Mean_grad/Maximum/y;552;5
1524757506011209274;1524757506011209825;gradients/Add_grad/tuple/control_dependency;551;6
1524757505976472579;1524757505976473129;Variable/read;550;5
1524757505958857343;1524757505958857891;gradients/Mean_grad/Maximum/y;548;4
1524757505976350327;1524757505976350875;beta2_power;548;5
1524757505976346212;1524757505976346759;beta1_power;547;5
1524757505958968964;1524757505958969510;Adam/beta2;546;4
1524757505976357773;1524757505976358319;Variable/Adam_1;546;5
1524757505983619354;1524757505983619900;gradients/BiasAdd_grad/tuple/group_deps;546;5
1524757505976477584;1524757505976478129;Variable_1/read;545;5
1524757505931384192;1524757505931384736;Variable/Adam;544;3
1524757505958853501;1524757505958854045;gradients/Mean_grad/Shape_2;544;4
1524757506010743847;1524757506010744391;gradients/Add_1_grad/tuple/control_dependency_1;544;6
1524757505976487238;1524757505976487781;Variable_3/read;543;5
1524757505931467747;1524757505931468289;dropout/random_uniform/sub/_0__cf__0;542;3
1524757505982562982;1524757505982563524;gradients/Add_grad/tuple/group_deps;542;5
1524757505958798275;1524757505958798816;Variable_2;541;4
1524757505964980376;1524757505964980917;gradients/dropout/div_grad/tuple/control_dependency;541;4
1524757505931338461;1524757505931339001;concat/values_0;540;3
1524757505982405035;1524757505982405575;gradients/dropout/mul_grad/tuple/control_dependency;540;5
1524757505931373142;1524757505931373681;gradients/Conv2D_grad/Shape_1;539;3
1524757505940105811;1524757505940106350;gradients/Conv2D_1_grad/tuple/control_dependency_1;539;3
1524757505940398464;1524757505940399003;gradients/BiasAdd_grad/tuple/control_dependency_1;539;3
1524757505976306450;1524757505976306988;concat/values_0;538;5
1524757505976310554;1524757505976311092;concat/axis;538;5
1524757505976388734;1524757505976389272;Variable_4/Adam_1;538;5
1524757505931424869;1524757505931425406;Variable_5/Adam_1;537;3
1524757505982401336;1524757505982401873;gradients/dropout/mul_grad/tuple/group_deps;537;5
1524757505958921207;1524757505958921743;Variable_3/Adam_1;536;4
1524757505982149231;1524757505982149767;gradients/Add_1_grad/tuple/control_dependency_1;536;5
1524757505976438597;1524757505976439132;Adam/beta1;535;5
1524757505931357487;1524757505931358020;gradients/SoftmaxCrossEntropyWithLogits_grad/ExpandDims/dim;533;3
1524757506011215056;1524757506011215589;gradients/Add_grad/tuple/control_dependency_1;533;6
1524757505959239916;1524757505959240448;_SOURCE;532;4
1524757505976339316;1524757505976339848;gradients/Conv2D_1_grad/Shape_1;532;5
1524757505939297816;1524757505939298344;gradients/Add_grad/tuple/control_dependency_1;528;3
1524757505964660523;1524757505964661050;gradients/Add_1_grad/tuple/control_dependency_1;527;4
1524757505976445394;1524757505976445918;Adam/beta2;524;5
1524757505976514805;1524757505976515329;beta1_power/read;524;5
1524757505958802925;1524757505958803446;Variable_3;521;4
1524757505959002706;1524757505959003227;Variable_1/read;521;4
1524757505965167203;1524757505965167723;gradients/MatMul_grad/tuple/control_dependency;520;4
1524757505931365824;1524757505931366343;gradients/Add_grad/Shape_1;519;3
1524757505958912745;1524757505958913264;Variable_2/Adam_1;519;4
1524757505959051294;1524757505959051813;beta2_power/read;519;4
1524757505931455302;1524757505931455819;Adam/beta2;517;3
1524757505938863450;1524757505938863967;gradients/Add_1_grad/tuple/control_dependency_1;517;3
1524757505958811967;1524757505958812484;Variable_5;517;4
1524757505958935682;1524757505958936199;Variable_5/Adam_1;517;4
1524757505931376329;1524757505931376845;beta1_power;516;3
1524757506011115217;1524757506011115733;gradients/dropout/div_grad/tuple/group_deps;516;6
1524757505958924633;1524757505958925147;Variable_4/Adam;514;4
1524757505982263406;1524757505982263920;gradients/MatMul_1_grad/tuple/control_dependency_1;514;5
1524757505959012255;1524757505959012768;Variable_3/read;513;4
1524757505931345902;1524757505931346414;Slice_2/begin;512;3
1524757505931461895;1524757505931462407;Adam/epsilon;512;3
1524757505931483849;1524757505931484360;Variable_1/read;511;3
1524757505976459489;1524757505976460000;dropout/random_uniform/sub/_0__cf__0;511;5
1524757505931361122;1524757505931361630;gradients/Add_1_grad/Shape_1;508;3
1524757505965430713;1524757505965431221;gradients/BiasAdd_1_grad/tuple/control_dependency_1;508;4
1524757505931449230;1524757505931449737;Adam/beta1;507;3
1524757505982566965;1524757505982567472;gradients/Add_grad/tuple/control_dependency;507;5
1524757505931353934;1524757505931354440;gradients/Mean_grad/Maximum/y;506;3
1524757505964888898;1524757505964889404;gradients/dropout/mul_grad/tuple/control_dependency;506;4
1524757505976468946;1524757505976469452;gradients/Mean_grad/Reshape/_4__cf__4;506;5
1524757505976498390;1524757505976498895;Variable_6/read;505;5
1524757505958943171;1524757505958943675;Variable_6/Adam_1;504;4
1524757505976381473;1524757505976381976;Variable_3/Adam_1;503;5
1524757505976265724;1524757505976266224;Variable_1;500;5
1524757505965061014;1524757505965061513;gradients/Add_grad/tuple/control_dependency;499;4
1524757505976373845;1524757505976374344;Variable_2/Adam_1;499;5
1524757505958790506;1524757505958791004;Variable_1;498;4
1524757505976402780;1524757505976403278;Variable_6/Adam_1;498;5
1524757505958908838;1524757505958909335;Variable_2/Adam;497;4
1524757505964772249;1524757505964772746;gradients/MatMul_1_grad/tuple/control_dependency_1;497;4
1524757505976523436;1524757505976523933;beta2_power/read;497;5
1524757505983623769;1524757505983624264;gradients/BiasAdd_grad/tuple/control_dependency;495;5
1524757505976682795;1524757505976683289;_SOURCE;494;5
1524757505965066223;1524757505965066715;gradients/Add_grad/tuple/control_dependency_1;492;4
1524757505958993626;1524757505958994117;gradients/Mean_grad/Reshape/_4__cf__4;491;4
1524757505959025126;1524757505959025617;Variable_6/read;491;4
1524757505958917348;1524757505958917838;Variable_3/Adam;490;4
1524757505976392163;1524757505976392653;Variable_5/Adam;490;5
1524757505982492481;1524757505982492971;gradients/dropout/div_grad/tuple/control_dependency;490;5
1524757505976270062;1524757505976270551;Variable_2;489;5
1524757505959017768;1524757505959018254;Variable_4/read;486;4
1524757505982962615;1524757505982963101;gradients/BiasAdd_1_grad/tuple/control_dependency;486;5
1524757505959007729;1524757505959008214;Variable_2/read;485;4
1524757505982967625;1524757505982968110;gradients/BiasAdd_1_grad/tuple/control_dependency_1;485;5
1524757505931313645;1524757505931314129;Variable_5;484;3
1524757505976314238;1524757505976314721;Slice_2/begin;483;5
1524757505976335445;1524757505976335928;gradients/Add_grad/Shape_1;483;5
1524757505976361907;1524757505976362390;Variable_1/Adam;483;5
1524757505958946565;1524757505958947047;Variable_7/Adam;482;4
1524757505958939320;1524757505958939801;Variable_6/Adam;481;4
1524757505976384936;1524757505976385417;Variable_4/Adam;481;5
1524757505959021472;1524757505959021952;Variable_5/read;480;4
1524757505976395581;1524757505976396061;Variable_5/Adam_1;480;5
1524757505983393802;1524757505983394280;gradients/Conv2D_1_grad/tuple/control_dependency_1;478;5
1524757505976399025;1524757505976399502;Variable_6/Adam;477;5
1524757505958816649;1524757505958817125;Variable_6;476;4
1524757505958807599;1524757505958808074;Variable_4;475;4
1524757505964976526;1524757505964977001;gradients/dropout/div_grad/tuple/group_deps;475;4
1524757505976286426;1524757505976286900;Variable_6;474;5
1524757505958932163;1524757505958932636;Variable_5/Adam;473;4
1524757505976274245;1524757505976274715;Variable_3;470;5
1524757505958901176;1524757505958901645;Variable_1/Adam;469;4
1524757505982684624;1524757505982685091;gradients/MatMul_grad/tuple/control_dependency_1;467;5
1524757505965171571;1524757505965172036;gradients/MatMul_grad/tuple/control_dependency_1;465;4
1524757505931390970;1524757505931391434;Variable_1/Adam;464;3
1524757505931399473;1524757505931399934;Variable_2/Adam;461;3
1524757505931476137;1524757505931476597;gradients/Mean_grad/Reshape/_4__cf__4;460;3
1524757505976282270;1524757505976282729;Variable_5;459;5
1524757505931518545;1524757505931519003;beta1_power/read;458;3
1524757505976494944;1524757505976495398;Variable_5/read;454;5
1524757505931492960;1524757505931493413;Variable_3/read;453;3
1524757505983628684;1524757505983629131;gradients/BiasAdd_grad/tuple/control_dependency_1;447;5
1524757505931317535;1524757505931317980;Variable_6;445;3
1524757505931496802;1524757505931497247;Variable_4/read;445;3
1524757505931428171;1524757505931428613;Variable_6/Adam;442;3
1524757505931526404;1524757505931526844;beta2_power/read;440;3
1524757505982488988;1524757505982489422;gradients/dropout/div_grad/tuple/group_deps;434;5
1524757505976491506;1524757505976491935;Variable_4/read;429;5
1524757505931406736;1524757505931407160;Variable_3/Adam;424;3
1524757505959029021;1524757505959029436;Variable_7/read;415;4
1524757505931295480;1524757505931295886;Variable_1;406;3
1524757505931503123;1524757505931503523;Variable_6/read;400;3
1524757505976501874;1524757505976502274;Variable_7/read;400;5
1524757505931499991;1524757505931500387;Variable_5/read;396;3
1524757505931506279;1524757505931506648;Variable_7/read;369;3
